seed,subject,seizures,folds,general,general_personal
0,seizeit2:sub-004,3,2,0.6005218842027594,0.5367294168348058
0,seizeit2:sub-007,2,2,0.38819972203165964,0.3070893147697275
0,seizeit2:sub-008,2,2,0.6665998131577353,0.3762764870230531
0,seizeit2:sub-011,3,2,0.46662838682843943,0.6596906308098069
0,seizeit2:sub-012,3,3,0.402429166317134,0.42079997206321146
0,seizeit2:sub-013,2,1,0.6637249742200771,0.5613540770787604
0,seizeit2:sub-014,2,2,0.5847377542267842,0.7437681138453004
0,seizeit2:sub-015,9,9,0.6639133835241322,0.6849138134347895
0,seizeit2:sub-021,4,3,0.6935612282369528,0.4294599965893285
0,seizeit2:sub-022,7,7,0.4887087645222342,0.5677582862781718
0,seizeit2:sub-024,2,2,0.8276725325970696,0.8418184570169015
0,seizeit2:sub-025,3,3,0.6290027559840714,0.6688215072443497
0,seizeit2:sub-026,4,4,0.477126781597509,0.46971977243807883
0,seizeit2:sub-028,4,4,0.4799625844977431,0.3914359823429848
0,seizeit2:sub-030,5,4,0.6121683074550016,0.5839280783944966
0,seizeit2:sub-031,2,1,0.264187516060561,0.05054902512284057
0,seizeit2:sub-035,14,14,0.42217727153705153,0.8848975185096637
0,seizeit2:sub-040,3,3,0.6345085179368195,0.6165554336501777
0,seizeit2:sub-042,8,8,0.3851030608882169,0.5320966661622932
0,seizeit2:sub-043,5,4,0.7370297182055161,0.7032793513762051
0,seizeit2:sub-044,2,2,0.34840595257762574,0.7066587814494966
0,seizeit2:sub-045,2,2,0.572485821550488,0.32482290449374507
0,seizeit2:sub-046,4,3,0.5448440257113727,0.47559025365147817
0,seizeit2:sub-047,9,9,0.563318737874529,0.7773394050595606
0,seizeit2:sub-051,5,5,0.8856606242641404,0.9730273493743142
0,seizeit2:sub-052,9,9,0.5053045785675534,0.8288785727976445
0,seizeit2:sub-055,3,2,0.7747066214617784,0.671273124470491
0,seizeit2:sub-056,11,10,0.6158699435182274,0.9401737600503038
0,seizeit2:sub-059,2,1,0.8322501684702899,0.7230658124231973
0,seizeit2:sub-060,13,13,0.6554788616069747,0.9688907019186597
0,seizeit2:sub-062,3,3,0.31468005903550084,0.3622172345419322
0,seizeit2:sub-063,2,1,0.5713177209648228,0.3933415295106446
0,seizeit2:sub-064,3,3,0.44278732289867845,0.6689726201496777
0,seizeit2:sub-066,3,3,0.5700552924836042,0.2890673139135969
0,seizeit2:sub-068,3,2,0.36174064732357725,0.6133664453295575
0,seizeit2:sub-071,4,4,0.5296196916601287,0.6987691072596208
0,seizeit2:sub-072,13,13,0.47322694002391863,0.7564584188303106
0,seizeit2:sub-076,2,2,0.39846709340706943,0.6577998851502234
0,seizeit2:sub-077,6,6,0.7169241983843989,0.7151493802171777
0,seizeit2:sub-079,14,14,0.6155308961456759,0.806738085148585
0,seizeit2:sub-080,8,8,0.6649731147161959,0.7549835954442473
0,seizeit2:sub-081,2,1,0.6210018205394999,0.3990645106999185
0,seizeit2:sub-082,4,2,0.48859726942326215,0.9544685873526011
0,seizeit2:sub-089,4,4,0.5990466755214053,0.6933494356283699
0,seizeit2:sub-092,4,4,0.4257048936622387,0.5439247699298487
0,seizeit2:sub-094,2,1,0.8119071307113208,0.6079035937406214
0,seizeit2:sub-097,9,9,0.3678602609916276,0.5065965623772872
0,seizeit2:sub-099,4,3,0.24619038939227875,0.6262015224704605
0,seizeit2:sub-101,7,7,0.5656564565853418,0.7191140464800669
0,seizeit2:sub-102,3,2,0.7228039304823376,0.7269160395647334
0,seizeit2:sub-105,2,1,0.17482626152847588,0.9987229241196094
0,seizeit2:sub-107,2,2,0.34354126109835337,0.41948554540214805
0,seizeit2:sub-108,2,2,0.6144943283861524,0.8146466719326769
0,seizeit2:sub-109,6,5,0.6441280143854441,0.7649032169291347
0,seizeit2:sub-110,2,2,0.5787864566047586,0.7402041532853135
0,seizeit2:sub-111,2,1,0.24539561044311356,0.07103355383343371
0,seizeit2:sub-114,4,4,0.4670104908719383,0.45851497572967653
0,seizeit2:sub-115,6,6,0.4965691918035424,0.4474371123155688
0,seizeit2:sub-116,7,7,0.5570807925453272,0.7662780708725222
0,seizeit2:sub-117,4,3,0.5859279634527077,0.9320076998718339
0,seizeit2:sub-119,7,6,0.5233458818863806,0.8082192941618379
0,seizeit2:sub-122,2,1,0.7613942067945806,0.3922630558680063
