seed,subject,dataset,seizures,folds_scored,auroc,clock_only_auroc
0,chbmit:chb01,chbmit,10,10,0.5968993936857192,0.6928724404035502
1,chbmit:chb01,chbmit,10,10,0.6201858814438818,0.6928724404035502
2,chbmit:chb01,chbmit,10,10,0.6069514782313763,0.6928724404035502
3,chbmit:chb01,chbmit,10,10,0.657058353229298,0.6928724404035502
4,chbmit:chb01,chbmit,10,10,0.5694402244032042,0.6928724404035502
0,chbmit:chb02,chbmit,2,1,0.4616311352107547,0.9725473945923547
1,chbmit:chb02,chbmit,2,1,0.4616311352107547,0.9725473945923547
2,chbmit:chb02,chbmit,2,1,0.4616311352107547,0.9725473945923547
3,chbmit:chb02,chbmit,2,1,0.4616311352107547,0.9725473945923547
4,chbmit:chb02,chbmit,2,1,0.4616311352107547,0.9725473945923547
0,chbmit:chb03,chbmit,6,6,0.5845420734771241,0.020079460516054276
1,chbmit:chb03,chbmit,6,6,0.597122877006612,0.020079460516054276
2,chbmit:chb03,chbmit,6,6,0.5584608259314403,0.020079460516054276
3,chbmit:chb03,chbmit,6,6,0.5998426881073031,0.020079460516054276
4,chbmit:chb03,chbmit,6,6,0.5484161843356242,0.020079460516054276
0,chbmit:chb04,chbmit,4,4,0.5764456220775054,0.3394809177327323
1,chbmit:chb04,chbmit,4,4,0.5853168799138336,0.3394809177327323
2,chbmit:chb04,chbmit,4,4,0.614583566644511,0.3394809177327323
3,chbmit:chb04,chbmit,4,4,0.5684953228977659,0.3394809177327323
4,chbmit:chb04,chbmit,4,4,0.5994684438288065,0.3394809177327323
0,chbmit:chb05,chbmit,5,4,0.823404950368523,0.6638306749525437
1,chbmit:chb05,chbmit,5,4,0.823404950368523,0.6638306749525437
2,chbmit:chb05,chbmit,5,4,0.823404950368523,0.6638306749525437
3,chbmit:chb05,chbmit,5,4,0.823404950368523,0.6638306749525437
4,chbmit:chb05,chbmit,5,4,0.823404950368523,0.6638306749525437
0,chbmit:chb06,chbmit,10,10,0.6012892286927431,0.43825158727145175
1,chbmit:chb06,chbmit,10,10,0.6148258916623811,0.43825158727145175
2,chbmit:chb06,chbmit,10,10,0.6221608859915311,0.43825158727145175
3,chbmit:chb06,chbmit,10,10,0.6096950846120246,0.43825158727145175
4,chbmit:chb06,chbmit,10,10,0.6123861383485406,0.43825158727145175
0,chbmit:chb07,chbmit,3,2,0.6922021888671945,0.8698377106157572
1,chbmit:chb07,chbmit,3,2,0.5724137142043605,0.8698377106157572
2,chbmit:chb07,chbmit,3,2,0.5701120252106158,0.8698377106157572
3,chbmit:chb07,chbmit,3,2,0.5783820551759048,0.8698377106157572
4,chbmit:chb07,chbmit,3,2,0.5714125266659436,0.8698377106157572
0,chbmit:chb09,chbmit,4,4,0.555685811170131,0.3641118573780411
1,chbmit:chb09,chbmit,4,4,0.48291364495582845,0.3641118573780411
2,chbmit:chb09,chbmit,4,4,0.45782913638971645,0.3641118573780411
3,chbmit:chb09,chbmit,4,4,0.5204672861328477,0.3641118573780411
4,chbmit:chb09,chbmit,4,4,0.4796565464636737,0.3641118573780411
0,chbmit:chb10,chbmit,6,6,0.7003007381135888,0.5468468270390068
1,chbmit:chb10,chbmit,6,6,0.6834371372194097,0.5468468270390068
2,chbmit:chb10,chbmit,6,6,0.6962236306148708,0.5468468270390068
3,chbmit:chb10,chbmit,6,6,0.6511059444581251,0.5468468270390068
4,chbmit:chb10,chbmit,6,6,0.6437207043846548,0.5468468270390068
0,chbmit:chb13,chbmit,5,5,0.7385058381466989,0.47095511665942075
1,chbmit:chb13,chbmit,5,5,0.7653031385214168,0.47095511665942075
2,chbmit:chb13,chbmit,5,5,0.7457813179305632,0.47095511665942075
3,chbmit:chb13,chbmit,5,5,0.7501796989834999,0.47095511665942075
4,chbmit:chb13,chbmit,5,5,0.7247807589590709,0.47095511665942075
0,chbmit:chb14,chbmit,6,6,0.5963387731132695,0.5533386538973131
1,chbmit:chb14,chbmit,6,6,0.5963387731132695,0.5533386538973131
2,chbmit:chb14,chbmit,6,6,0.5963387731132695,0.5533386538973131
3,chbmit:chb14,chbmit,6,6,0.5963387731132695,0.5533386538973131
4,chbmit:chb14,chbmit,6,6,0.5963387731132695,0.5533386538973131
0,chbmit:chb15,chbmit,9,9,0.598434559380759,0.34765281782107893
1,chbmit:chb15,chbmit,9,9,0.598434559380759,0.34765281782107893
2,chbmit:chb15,chbmit,9,9,0.598434559380759,0.34765281782107893
3,chbmit:chb15,chbmit,9,9,0.598434559380759,0.34765281782107893
4,chbmit:chb15,chbmit,9,9,0.598434559380759,0.34765281782107893
0,chbmit:chb16,chbmit,5,5,0.7456969031935603,1.0
1,chbmit:chb16,chbmit,5,5,0.7456969031935603,1.0
2,chbmit:chb16,chbmit,5,5,0.7456969031935603,1.0
3,chbmit:chb16,chbmit,5,5,0.7456969031935603,1.0
4,chbmit:chb16,chbmit,5,5,0.7456969031935603,1.0
0,chbmit:chb17,chbmit,3,2,0.8434251724403412,0.14824789862179838
1,chbmit:chb17,chbmit,3,2,0.8434251724403412,0.14824789862179838
2,chbmit:chb17,chbmit,3,2,0.8434251724403412,0.14824789862179838
3,chbmit:chb17,chbmit,3,2,0.8434251724403412,0.14824789862179838
4,chbmit:chb17,chbmit,3,2,0.8434251724403412,0.14824789862179838
0,chbmit:chb18,chbmit,4,3,0.4684006749978737,0.726761264058118
1,chbmit:chb18,chbmit,4,3,0.44138815605669035,0.726761264058118
2,chbmit:chb18,chbmit,4,3,0.49062963462757686,0.726761264058118
3,chbmit:chb18,chbmit,4,3,0.5068016387417823,0.726761264058118
4,chbmit:chb18,chbmit,4,3,0.49946997751643973,0.726761264058118
0,chbmit:chb19,chbmit,2,2,0.7346268917299559,0.8609812141845569
1,chbmit:chb19,chbmit,2,2,0.7346268917299559,0.8609812141845569
2,chbmit:chb19,chbmit,2,2,0.7346268917299559,0.8609812141845569
3,chbmit:chb19,chbmit,2,2,0.7346268917299559,0.8609812141845569
4,chbmit:chb19,chbmit,2,2,0.7346268917299559,0.8609812141845569
0,chbmit:chb20,chbmit,5,2,0.9022094403571901,0.813462205093697
1,chbmit:chb20,chbmit,5,2,0.9069419826706613,0.813462205093697
2,chbmit:chb20,chbmit,5,2,0.8790947073734997,0.813462205093697
3,chbmit:chb20,chbmit,5,2,0.9175943972480789,0.813462205093697
4,chbmit:chb20,chbmit,5,2,0.9683715950409875,0.813462205093697
0,chbmit:chb22,chbmit,2,1,0.3442045615953298,1.0
1,chbmit:chb22,chbmit,2,1,0.3442045615953298,1.0
2,chbmit:chb22,chbmit,2,1,0.3442045615953298,1.0
3,chbmit:chb22,chbmit,2,1,0.3442045615953298,1.0
4,chbmit:chb22,chbmit,2,1,0.3442045615953298,1.0
0,chbmit:chb23,chbmit,5,4,0.9280683158467855,0.3688240206389702
1,chbmit:chb23,chbmit,5,4,0.9280683158467855,0.3688240206389702
2,chbmit:chb23,chbmit,5,4,0.9280683158467855,0.3688240206389702
3,chbmit:chb23,chbmit,5,4,0.9280683158467855,0.3688240206389702
4,chbmit:chb23,chbmit,5,4,0.9280683158467855,0.3688240206389702
0,siena:PN01,siena,2,2,0.9995877207750468,0.0034713719428204103
1,siena:PN01,siena,2,2,0.9995877207750468,0.0034713719428204103
2,siena:PN01,siena,2,2,0.9995877207750468,0.0034713719428204103
3,siena:PN01,siena,2,2,0.9995877207750468,0.0034713719428204103
4,siena:PN01,siena,2,2,0.9995877207750468,0.0034713719428204103
0,siena:PN03,siena,2,1,0.27930052061866584,1.0
1,siena:PN03,siena,2,1,0.27930052061866584,1.0
2,siena:PN03,siena,2,1,0.27930052061866584,1.0
3,siena:PN03,siena,2,1,0.27930052061866584,1.0
4,siena:PN03,siena,2,1,0.27930052061866584,1.0
0,siena:PN14,siena,4,4,0.9103229213315233,1.0
1,siena:PN14,siena,4,4,0.9103229213315233,1.0
2,siena:PN14,siena,4,4,0.9103229213315233,1.0
3,siena:PN14,siena,4,4,0.9103229213315233,1.0
4,siena:PN14,siena,4,4,0.9103229213315233,1.0
