seed,subject,variant,far_target,seizures,warned,false_alarms,interictal_hours,far_per_24h,median_warning_min
0,chbmit:chb01,general,5.0,10,0,3,37.544,1.9177271382065697,nan
0,chbmit:chb01,general,1.0,10,0,1,37.544,0.6392423794021899,nan
0,chbmit:chb01,general_personal,5.0,10,0,1,37.544,0.6392423794021899,nan
0,chbmit:chb01,general_personal,1.0,10,0,0,37.544,0.0,nan
1,chbmit:chb01,general,5.0,10,0,7,37.544,4.474696655815329,nan
1,chbmit:chb01,general,1.0,10,0,2,37.544,1.2784847588043797,nan
1,chbmit:chb01,general_personal,5.0,10,0,3,37.544,1.9177271382065697,nan
1,chbmit:chb01,general_personal,1.0,10,0,1,37.544,0.6392423794021899,nan
0,chbmit:chb02,general,5.0,1,0,0,13.407,0.0,nan
0,chbmit:chb02,general,1.0,1,0,0,13.407,0.0,nan
0,chbmit:chb02,general_personal,5.0,1,0,0,13.407,0.0,nan
0,chbmit:chb02,general_personal,1.0,1,0,0,13.407,0.0,nan
1,chbmit:chb02,general,5.0,1,0,0,13.407,0.0,nan
1,chbmit:chb02,general,1.0,1,0,0,13.407,0.0,nan
1,chbmit:chb02,general_personal,5.0,1,0,0,13.407,0.0,nan
1,chbmit:chb02,general_personal,1.0,1,0,0,13.407,0.0,nan
0,chbmit:chb03,general,5.0,6,1,7,27.207,6.174894073204349,1.1833333333333333
0,chbmit:chb03,general,1.0,6,0,1,27.207,0.8821277247434784,nan
0,chbmit:chb03,general_personal,5.0,6,0,2,27.207,1.764255449486957,nan
0,chbmit:chb03,general_personal,1.0,6,0,2,27.207,1.764255449486957,nan
1,chbmit:chb03,general,5.0,6,0,6,27.207,5.29276634846087,nan
1,chbmit:chb03,general,1.0,6,0,0,27.207,0.0,nan
1,chbmit:chb03,general_personal,5.0,6,0,2,27.207,1.764255449486957,nan
1,chbmit:chb03,general_personal,1.0,6,0,2,27.207,1.764255449486957,nan
0,chbmit:chb04,general,5.0,4,0,17,131.606,3.1001730761112753,nan
0,chbmit:chb04,general,1.0,4,0,4,131.606,0.7294524884967707,nan
0,chbmit:chb04,general_personal,5.0,4,0,19,131.606,3.4648993203596605,nan
0,chbmit:chb04,general_personal,1.0,4,0,6,131.606,1.094178732745156,nan
1,chbmit:chb04,general,5.0,4,0,23,131.606,4.194351808856431,nan
1,chbmit:chb04,general,1.0,4,0,2,131.606,0.36472624424838535,nan
1,chbmit:chb04,general_personal,5.0,4,0,22,131.606,4.011988686732239,nan
1,chbmit:chb04,general_personal,1.0,4,0,7,131.606,1.2765418548693486,nan
0,chbmit:chb05,general,5.0,4,0,0,11.476,0.0,nan
0,chbmit:chb05,general,1.0,4,0,0,11.476,0.0,nan
0,chbmit:chb05,general_personal,5.0,4,0,2,11.476,4.182500302553552,nan
0,chbmit:chb05,general_personal,1.0,4,0,0,11.476,0.0,nan
1,chbmit:chb05,general,5.0,4,0,0,11.476,0.0,nan
1,chbmit:chb05,general,1.0,4,0,0,11.476,0.0,nan
1,chbmit:chb05,general_personal,5.0,4,0,2,11.476,4.182500302553552,nan
1,chbmit:chb05,general_personal,1.0,4,0,2,11.476,4.182500302553552,nan
0,chbmit:chb06,general,5.0,10,1,4,24.742,3.8800943078477603,1.45
0,chbmit:chb06,general,1.0,10,0,2,24.742,1.9400471539238802,nan
0,chbmit:chb06,general_personal,5.0,10,0,1,24.742,0.9700235769619401,nan
0,chbmit:chb06,general_personal,1.0,10,0,0,24.742,0.0,nan
1,chbmit:chb06,general,5.0,10,0,2,24.742,1.9400471539238802,nan
1,chbmit:chb06,general,1.0,10,0,0,24.742,0.0,nan
1,chbmit:chb06,general_personal,5.0,10,0,0,24.742,0.0,nan
1,chbmit:chb06,general_personal,1.0,10,0,0,24.742,0.0,nan
0,chbmit:chb07,general,5.0,2,0,21,34.144,14.760820045558086,nan
0,chbmit:chb07,general,1.0,2,0,6,34.144,4.217377155873739,nan
0,chbmit:chb07,general_personal,5.0,2,1,4,34.144,2.811584770582493,21.916666666666668
0,chbmit:chb07,general_personal,1.0,2,0,1,34.144,0.7028961926456232,nan
1,chbmit:chb07,general,5.0,2,0,23,34.144,16.166612430849334,nan
1,chbmit:chb07,general,1.0,2,0,4,34.144,2.811584770582493,nan
1,chbmit:chb07,general_personal,5.0,2,0,3,34.144,2.1086885779368694,nan
1,chbmit:chb07,general_personal,1.0,2,0,1,34.144,0.7028961926456232,nan
0,chbmit:chb09,general,5.0,4,0,12,48.488,5.939675174013922,nan
0,chbmit:chb09,general,1.0,4,0,5,48.488,2.474864655839134,nan
0,chbmit:chb09,general_personal,5.0,4,0,11,48.488,5.444702242846095,nan
0,chbmit:chb09,general_personal,1.0,4,0,5,48.488,2.474864655839134,nan
1,chbmit:chb09,general,5.0,4,0,13,48.488,6.434648105181748,nan
1,chbmit:chb09,general,1.0,4,0,9,48.488,4.4547563805104415,nan
1,chbmit:chb09,general_personal,5.0,4,0,13,48.488,6.434648105181748,nan
1,chbmit:chb09,general_personal,1.0,4,0,9,48.488,4.4547563805104415,nan
0,chbmit:chb10,general,5.0,6,0,6,24.194,5.951779563719862,nan
0,chbmit:chb10,general,1.0,6,0,3,24.194,2.975889781859931,nan
0,chbmit:chb10,general_personal,5.0,6,1,1,24.194,0.991963260619977,2.6
0,chbmit:chb10,general_personal,1.0,6,0,0,24.194,0.0,nan
1,chbmit:chb10,general,5.0,6,0,6,24.194,5.951779563719862,nan
1,chbmit:chb10,general,1.0,6,0,4,24.194,3.967853042479908,nan
1,chbmit:chb10,general_personal,5.0,6,2,4,24.194,3.967853042479908,12.533333333333333
1,chbmit:chb10,general_personal,1.0,6,0,0,24.194,0.0,nan
0,chbmit:chb13,general,5.0,5,0,0,15.0,0.0,nan
0,chbmit:chb13,general,1.0,5,0,0,15.0,0.0,nan
0,chbmit:chb13,general_personal,5.0,5,0,0,15.0,0.0,nan
0,chbmit:chb13,general_personal,1.0,5,0,0,15.0,0.0,nan
1,chbmit:chb13,general,5.0,5,0,3,15.0,4.8,nan
1,chbmit:chb13,general,1.0,5,0,0,15.0,0.0,nan
1,chbmit:chb13,general_personal,5.0,5,1,2,15.0,3.2,20.933333333333334
1,chbmit:chb13,general_personal,1.0,5,0,0,15.0,0.0,nan
0,chbmit:chb14,general,5.0,6,0,1,4.686,5.121517486662715,nan
0,chbmit:chb14,general,1.0,6,0,1,4.686,5.121517486662715,nan
0,chbmit:chb14,general_personal,5.0,6,0,0,4.686,0.0,nan
0,chbmit:chb14,general_personal,1.0,6,0,0,4.686,0.0,nan
1,chbmit:chb14,general,5.0,6,0,1,4.686,5.121517486662715,nan
1,chbmit:chb14,general,1.0,6,0,1,4.686,5.121517486662715,nan
1,chbmit:chb14,general_personal,5.0,6,0,1,4.686,5.121517486662715,nan
1,chbmit:chb14,general_personal,1.0,6,0,1,4.686,5.121517486662715,nan
0,chbmit:chb15,general,5.0,9,0,0,1.557,0.0,nan
0,chbmit:chb15,general,1.0,9,0,0,1.557,0.0,nan
0,chbmit:chb15,general_personal,5.0,9,0,0,1.557,0.0,nan
0,chbmit:chb15,general_personal,1.0,9,0,0,1.557,0.0,nan
1,chbmit:chb15,general,5.0,9,1,0,1.557,0.0,10.6
1,chbmit:chb15,general,1.0,9,1,0,1.557,0.0,10.6
1,chbmit:chb15,general_personal,5.0,9,0,0,1.557,0.0,nan
1,chbmit:chb15,general_personal,1.0,9,0,0,1.557,0.0,nan
0,chbmit:chb16,general,5.0,5,0,1,5.601,4.284651624101166,nan
0,chbmit:chb16,general,1.0,5,0,1,5.601,4.284651624101166,nan
0,chbmit:chb16,general_personal,5.0,5,1,0,5.601,0.0,3.75
0,chbmit:chb16,general_personal,1.0,5,1,0,5.601,0.0,3.75
1,chbmit:chb16,general,5.0,5,0,2,5.601,8.569303248202331,nan
1,chbmit:chb16,general,1.0,5,0,2,5.601,8.569303248202331,nan
1,chbmit:chb16,general_personal,5.0,5,1,0,5.601,0.0,3.9166666666666665
1,chbmit:chb16,general_personal,1.0,5,1,0,5.601,0.0,3.9166666666666665
0,chbmit:chb17,general,5.0,2,0,3,8.481,8.49000982640026,nan
0,chbmit:chb17,general,1.0,2,0,3,8.481,8.49000982640026,nan
0,chbmit:chb17,general_personal,5.0,2,0,1,8.481,2.830003275466754,nan
0,chbmit:chb17,general_personal,1.0,2,0,0,8.481,0.0,nan
1,chbmit:chb17,general,5.0,2,0,2,8.481,5.660006550933508,nan
1,chbmit:chb17,general,1.0,2,0,1,8.481,2.830003275466754,nan
1,chbmit:chb17,general_personal,5.0,2,0,0,8.481,0.0,nan
1,chbmit:chb17,general_personal,1.0,2,0,0,8.481,0.0,nan
0,chbmit:chb18,general,5.0,3,0,9,19.696,10.966786545377618,nan
0,chbmit:chb18,general,1.0,3,0,6,19.696,7.311191030251745,nan
0,chbmit:chb18,general_personal,5.0,3,0,8,19.696,9.748254707002328,nan
0,chbmit:chb18,general_personal,1.0,3,0,0,19.696,0.0,nan
1,chbmit:chb18,general,5.0,3,0,7,19.696,8.529722868627037,nan
1,chbmit:chb18,general,1.0,3,0,6,19.696,7.311191030251745,nan
1,chbmit:chb18,general_personal,5.0,3,0,7,19.696,8.529722868627037,nan
1,chbmit:chb18,general_personal,1.0,3,0,0,19.696,0.0,nan
0,chbmit:chb19,general,5.0,2,0,0,26.812,0.0,nan
0,chbmit:chb19,general,1.0,2,0,0,26.812,0.0,nan
0,chbmit:chb19,general_personal,5.0,2,1,0,26.812,0.0,25.733333333333334
0,chbmit:chb19,general_personal,1.0,2,0,0,26.812,0.0,nan
1,chbmit:chb19,general,5.0,2,0,1,26.812,0.8951048951048951,nan
1,chbmit:chb19,general,1.0,2,0,1,26.812,0.8951048951048951,nan
1,chbmit:chb19,general_personal,5.0,2,0,1,26.812,0.8951048951048951,nan
1,chbmit:chb19,general_personal,1.0,2,0,0,26.812,0.0,nan
0,chbmit:chb20,general,5.0,2,0,1,7.568,3.1712240778124428,nan
0,chbmit:chb20,general,1.0,2,0,0,7.568,0.0,nan
0,chbmit:chb20,general_personal,5.0,2,2,3,7.568,9.513672233437328,7.1
0,chbmit:chb20,general_personal,1.0,2,2,2,7.568,6.3424481556248855,18.058333333333334
1,chbmit:chb20,general,5.0,2,1,1,7.568,3.1712240778124428,27.516666666666666
1,chbmit:chb20,general,1.0,2,0,0,7.568,0.0,nan
1,chbmit:chb20,general_personal,5.0,2,2,4,7.568,12.684896311249771,7.058333333333334
1,chbmit:chb20,general_personal,1.0,2,2,3,7.568,9.513672233437328,18.35
0,chbmit:chb22,general,5.0,1,0,0,8.471,0.0,nan
0,chbmit:chb22,general,1.0,1,0,0,8.471,0.0,nan
0,chbmit:chb22,general_personal,5.0,1,0,2,8.471,5.666502705361535,nan
0,chbmit:chb22,general_personal,1.0,1,0,1,8.471,2.8332513526807674,nan
1,chbmit:chb22,general,5.0,1,0,0,8.471,0.0,nan
1,chbmit:chb22,general,1.0,1,0,0,8.471,0.0,nan
1,chbmit:chb22,general_personal,5.0,1,0,1,8.471,2.8332513526807674,nan
1,chbmit:chb22,general_personal,1.0,1,0,1,8.471,2.8332513526807674,nan
0,chbmit:chb23,general,5.0,4,0,0,11.351,0.0,nan
0,chbmit:chb23,general,1.0,4,0,0,11.351,0.0,nan
0,chbmit:chb23,general_personal,5.0,4,4,3,11.351,6.342836167869815,4.0
0,chbmit:chb23,general_personal,1.0,4,2,3,11.351,6.342836167869815,2.35
1,chbmit:chb23,general,5.0,4,0,0,11.351,0.0,nan
1,chbmit:chb23,general,1.0,4,0,0,11.351,0.0,nan
1,chbmit:chb23,general_personal,5.0,4,4,3,11.351,6.342836167869815,4.1
1,chbmit:chb23,general_personal,1.0,4,2,3,11.351,6.342836167869815,2.5166666666666666
0,siena:PN01,general,5.0,2,0,2,2.022,23.736263736263737,nan
0,siena:PN01,general,1.0,2,0,2,2.022,23.736263736263737,nan
0,siena:PN01,general_personal,5.0,2,1,1,2.022,11.868131868131869,4.55
0,siena:PN01,general_personal,1.0,2,1,1,2.022,11.868131868131869,4.55
1,siena:PN01,general,5.0,2,1,0,2.022,0.0,0.8833333333333333
1,siena:PN01,general,1.0,2,1,0,2.022,0.0,0.8833333333333333
1,siena:PN01,general_personal,5.0,2,1,0,2.022,0.0,4.55
1,siena:PN01,general_personal,1.0,2,1,0,2.022,0.0,4.55
0,siena:PN03,general,5.0,1,0,2,6.214,7.724631202503353,nan
0,siena:PN03,general,1.0,1,0,0,6.214,0.0,nan
0,siena:PN03,general_personal,5.0,1,1,3,6.214,11.58694680375503,12.883333333333333
0,siena:PN03,general_personal,1.0,1,0,2,6.214,7.724631202503353,nan
1,siena:PN03,general,5.0,1,0,0,6.214,0.0,nan
1,siena:PN03,general,1.0,1,0,0,6.214,0.0,nan
1,siena:PN03,general_personal,5.0,1,1,3,6.214,11.58694680375503,15.716666666666667
1,siena:PN03,general_personal,1.0,1,0,0,6.214,0.0,nan
0,siena:PN14,general,5.0,4,2,1,5.782,4.15085275042037,12.975
0,siena:PN14,general,1.0,4,2,1,5.782,4.15085275042037,12.975
0,siena:PN14,general_personal,5.0,4,2,1,5.782,4.15085275042037,10.433333333333334
0,siena:PN14,general_personal,1.0,4,2,1,5.782,4.15085275042037,10.433333333333334
1,siena:PN14,general,5.0,4,1,2,5.782,8.30170550084074,21.5
1,siena:PN14,general,1.0,4,1,2,5.782,8.30170550084074,21.5
1,siena:PN14,general_personal,5.0,4,3,2,5.782,8.30170550084074,22.583333333333332
1,siena:PN14,general_personal,1.0,4,3,2,5.782,8.30170550084074,22.583333333333332
