seed,subject,dataset,seizures,folds_scored,general_personal,ps_eeg,ps_clock,general_personal_v1
0,chbmit:chb01,chbmit,10,10,0.6614650042918994,0.5968993936857192,0.6928724404035502,0.5722709102985725
1,chbmit:chb01,chbmit,10,10,0.680419345746841,0.6201858814438818,0.6928724404035502,0.597626491781692
2,chbmit:chb01,chbmit,10,10,0.725416053424384,0.6069514782313763,0.6928724404035502,0.6119453203194881
3,chbmit:chb01,chbmit,10,10,0.6926411199194658,0.657058353229298,0.6928724404035502,0.6165397502252844
4,chbmit:chb01,chbmit,10,10,0.6583328531176287,0.5694402244032042,0.6928724404035502,0.5947710121337674
0,chbmit:chb02,chbmit,2,2,0.5348629483125124,0.4616311352107547,0.9725473945923547,0.6506012101827567
1,chbmit:chb02,chbmit,2,2,0.4528480135095424,0.4616311352107547,0.9725473945923547,0.5535268813915284
2,chbmit:chb02,chbmit,2,2,0.47030161280387517,0.4616311352107547,0.9725473945923547,0.4508160177663532
3,chbmit:chb02,chbmit,2,2,0.447398960246331,0.4616311352107547,0.9725473945923547,0.6220653327858299
4,chbmit:chb02,chbmit,2,2,0.5058142549921251,0.4616311352107547,0.9725473945923547,0.4901188222980891
0,chbmit:chb03,chbmit,6,6,0.7464793479865406,0.5845420734771241,0.020079460516054276,0.6849679904611601
1,chbmit:chb03,chbmit,6,6,0.7531861177266755,0.597122877006612,0.020079460516054276,0.7013211703041065
2,chbmit:chb03,chbmit,6,6,0.7520911915364321,0.5584608259314403,0.020079460516054276,0.7332742978908996
3,chbmit:chb03,chbmit,6,6,0.7580030602961582,0.5998426881073031,0.020079460516054276,0.702508644014623
4,chbmit:chb03,chbmit,6,6,0.7342677518528578,0.5484161843356242,0.020079460516054276,0.6876761393888882
0,chbmit:chb04,chbmit,4,4,0.39557787705941744,0.5764456220775054,0.3394809177327323,0.41199156602986053
1,chbmit:chb04,chbmit,4,4,0.4694380166711339,0.5853168799138336,0.3394809177327323,0.43540783674556627
2,chbmit:chb04,chbmit,4,4,0.4810676721521908,0.614583566644511,0.3394809177327323,0.42144764929518463
3,chbmit:chb04,chbmit,4,4,0.4738654907602555,0.5684953228977659,0.3394809177327323,0.35331832595774776
4,chbmit:chb04,chbmit,4,4,0.47027320686005875,0.5994684438288065,0.3394809177327323,0.40443169090070497
0,chbmit:chb05,chbmit,5,5,0.5178484527366154,0.823404950368523,0.6638306749525437,0.7191897658193191
1,chbmit:chb05,chbmit,5,5,0.5142791931291786,0.823404950368523,0.6638306749525437,0.6894063941625359
2,chbmit:chb05,chbmit,5,5,0.4772807178155174,0.823404950368523,0.6638306749525437,0.7792564206941551
3,chbmit:chb05,chbmit,5,5,0.44914820001664896,0.823404950368523,0.6638306749525437,0.7113636575212274
4,chbmit:chb05,chbmit,5,5,0.4776350082109814,0.823404950368523,0.6638306749525437,0.7488753894054632
0,chbmit:chb06,chbmit,10,10,0.5080310118794149,0.6012892286927431,0.43825158727145175,0.684478435351031
1,chbmit:chb06,chbmit,10,10,0.5544075332968217,0.6148258916623811,0.43825158727145175,0.7059529390620898
2,chbmit:chb06,chbmit,10,10,0.5252876882197759,0.6221608859915311,0.43825158727145175,0.6659096485064058
3,chbmit:chb06,chbmit,10,10,0.5109811369308983,0.6096950846120246,0.43825158727145175,0.6666628317055896
4,chbmit:chb06,chbmit,10,10,0.55730272422483,0.6123861383485406,0.43825158727145175,0.6523440497296289
0,chbmit:chb07,chbmit,3,3,0.645870627822752,0.6922021888671945,0.8698377106157572,0.6453004664280291
1,chbmit:chb07,chbmit,3,3,0.6821565732560033,0.5724137142043605,0.8698377106157572,0.6073673143327187
2,chbmit:chb07,chbmit,3,3,0.6545119668988524,0.5701120252106158,0.8698377106157572,0.6153761931879813
3,chbmit:chb07,chbmit,3,3,0.6472300265682548,0.5783820551759048,0.8698377106157572,0.6904904273782405
4,chbmit:chb07,chbmit,3,3,0.6965477878038423,0.5714125266659436,0.8698377106157572,0.5744459472285497
0,chbmit:chb08,chbmit,5,5,0.775226285522203,nan,nan,nan
1,chbmit:chb08,chbmit,5,5,0.776401174086208,nan,nan,nan
2,chbmit:chb08,chbmit,5,5,0.7704942147313135,nan,nan,nan
3,chbmit:chb08,chbmit,5,5,0.786753045222758,nan,nan,nan
4,chbmit:chb08,chbmit,5,5,0.726838021767216,nan,nan,nan
0,chbmit:chb09,chbmit,4,4,0.5889297691701987,0.555685811170131,0.3641118573780411,0.473915106371961
1,chbmit:chb09,chbmit,4,4,0.5529726303895082,0.48291364495582845,0.3641118573780411,0.5051246508331692
2,chbmit:chb09,chbmit,4,4,0.5486410206056954,0.45782913638971645,0.3641118573780411,0.5051565066090462
3,chbmit:chb09,chbmit,4,4,0.5399642801988183,0.5204672861328477,0.3641118573780411,0.4862960122472991
4,chbmit:chb09,chbmit,4,4,0.6231519348305081,0.4796565464636737,0.3641118573780411,0.4694913025553479
0,chbmit:chb10,chbmit,6,6,0.8012876418852098,0.7003007381135888,0.5468468270390068,0.723728369082379
1,chbmit:chb10,chbmit,6,6,0.7747560126152988,0.6834371372194097,0.5468468270390068,0.6589437374942302
2,chbmit:chb10,chbmit,6,6,0.7878306261891859,0.6962236306148708,0.5468468270390068,0.6858088761250529
3,chbmit:chb10,chbmit,6,6,0.7674966982189712,0.6511059444581251,0.5468468270390068,0.6910162333820505
4,chbmit:chb10,chbmit,6,6,0.7407097124726844,0.6437207043846548,0.5468468270390068,0.6769249158109174
0,chbmit:chb12,chbmit,8,8,0.8626926910827463,nan,nan,nan
1,chbmit:chb12,chbmit,8,8,0.8661213640107317,nan,nan,nan
2,chbmit:chb12,chbmit,8,8,0.8603981604872376,nan,nan,nan
3,chbmit:chb12,chbmit,8,8,0.8613908222310984,nan,nan,nan
4,chbmit:chb12,chbmit,8,8,0.864865801110636,nan,nan,nan
0,chbmit:chb13,chbmit,5,5,0.7366708483153126,0.7385058381466989,0.47095511665942075,0.8761674740699337
1,chbmit:chb13,chbmit,5,5,0.6738499666970016,0.7653031385214168,0.47095511665942075,0.8706078814980436
2,chbmit:chb13,chbmit,5,5,0.6940359722064,0.7457813179305632,0.47095511665942075,0.8501927416516573
3,chbmit:chb13,chbmit,5,5,0.6810650873692247,0.7501796989834999,0.47095511665942075,0.8914972672504813
4,chbmit:chb13,chbmit,5,5,0.6709522642761464,0.7247807589590709,0.47095511665942075,0.8821253855868165
0,chbmit:chb14,chbmit,6,6,0.6463997491394579,0.5963387731132695,0.5533386538973131,0.6584236559780731
1,chbmit:chb14,chbmit,6,6,0.6251666472559394,0.5963387731132695,0.5533386538973131,0.7076529468970183
2,chbmit:chb14,chbmit,6,6,0.6654413259929973,0.5963387731132695,0.5533386538973131,0.6968111939367647
3,chbmit:chb14,chbmit,6,6,0.6423311220509559,0.5963387731132695,0.5533386538973131,0.6843953488115383
4,chbmit:chb14,chbmit,6,6,0.6120765380382471,0.5963387731132695,0.5533386538973131,0.6673204226867965
0,chbmit:chb15,chbmit,9,9,0.3728545556371783,0.598434559380759,0.34765281782107893,0.515927896890092
1,chbmit:chb15,chbmit,9,9,0.38473191794737527,0.598434559380759,0.34765281782107893,0.5673178616271297
2,chbmit:chb15,chbmit,9,9,0.3297817037484211,0.598434559380759,0.34765281782107893,0.5699685961090495
3,chbmit:chb15,chbmit,9,9,0.3482585031044908,0.598434559380759,0.34765281782107893,0.55781783506106
4,chbmit:chb15,chbmit,9,9,0.3592133188836925,0.598434559380759,0.34765281782107893,0.5575868500750841
0,chbmit:chb16,chbmit,5,4,0.7667195761906666,0.7456969031935603,1.0,0.7783506945583014
1,chbmit:chb16,chbmit,5,4,0.7878852898670764,0.7456969031935603,1.0,0.6731812016256989
2,chbmit:chb16,chbmit,5,4,0.767968293319167,0.7456969031935603,1.0,0.6719364064699208
3,chbmit:chb16,chbmit,5,4,0.7707447937790014,0.7456969031935603,1.0,0.6980652442336653
4,chbmit:chb16,chbmit,5,4,0.8221115398456555,0.7456969031935603,1.0,0.6675417395680905
0,chbmit:chb17,chbmit,3,3,0.6920654308079521,0.8434251724403412,0.14824789862179838,0.8330341072211971
1,chbmit:chb17,chbmit,3,3,0.7253673049831336,0.8434251724403412,0.14824789862179838,0.8453423910542857
2,chbmit:chb17,chbmit,3,3,0.7429228632650486,0.8434251724403412,0.14824789862179838,0.823631832070145
3,chbmit:chb17,chbmit,3,3,0.696533328001786,0.8434251724403412,0.14824789862179838,0.8106955606264296
4,chbmit:chb17,chbmit,3,3,0.71127588924377,0.8434251724403412,0.14824789862179838,0.8215039175766832
0,chbmit:chb18,chbmit,4,3,0.6394156108683686,0.4684006749978737,0.726761264058118,0.5353832730404113
1,chbmit:chb18,chbmit,4,3,0.6196133372181373,0.44138815605669035,0.726761264058118,0.47405426998094735
2,chbmit:chb18,chbmit,4,3,0.6113974738490704,0.49062963462757686,0.726761264058118,0.4243891007996694
3,chbmit:chb18,chbmit,4,3,0.6395860476840611,0.5068016387417823,0.726761264058118,0.46980636402808446
4,chbmit:chb18,chbmit,4,3,0.6260233791935472,0.49946997751643973,0.726761264058118,0.4736370614244006
0,chbmit:chb19,chbmit,2,2,0.9202076475056976,0.7346268917299559,0.8609812141845569,0.9232207800452926
1,chbmit:chb19,chbmit,2,2,0.9464202773394973,0.7346268917299559,0.8609812141845569,0.9119726657331113
2,chbmit:chb19,chbmit,2,2,0.934963736356494,0.7346268917299559,0.8609812141845569,0.9152442935172741
3,chbmit:chb19,chbmit,2,2,0.9466017218106355,0.7346268917299559,0.8609812141845569,0.897504435108892
4,chbmit:chb19,chbmit,2,2,0.9259979986999485,0.7346268917299559,0.8609812141845569,0.9213870726405545
0,chbmit:chb20,chbmit,5,4,0.970585816279133,0.9022094403571901,0.813462205093697,0.7634738073722349
1,chbmit:chb20,chbmit,5,4,0.9544221779008268,0.9069419826706613,0.813462205093697,0.7444140642846246
2,chbmit:chb20,chbmit,5,4,0.980384779900809,0.8790947073734997,0.813462205093697,0.6907774662327235
3,chbmit:chb20,chbmit,5,4,0.973959007737137,0.9175943972480789,0.813462205093697,0.77496922621449
4,chbmit:chb20,chbmit,5,4,0.9765858949706652,0.9683715950409875,0.813462205093697,0.7455572565347671
0,chbmit:chb22,chbmit,2,1,0.2695419528124226,0.3442045615953298,1.0,0.5079754158519982
1,chbmit:chb22,chbmit,2,1,0.23879629501864907,0.3442045615953298,1.0,0.44922474619109665
2,chbmit:chb22,chbmit,2,1,0.16339810071410701,0.3442045615953298,1.0,0.49483247858797796
3,chbmit:chb22,chbmit,2,1,0.28836862872614416,0.3442045615953298,1.0,0.40456607115372584
4,chbmit:chb22,chbmit,2,1,0.26114641083681245,0.3442045615953298,1.0,0.41282168271797604
0,chbmit:chb23,chbmit,5,4,0.9658976010776064,0.9280683158467855,0.3688240206389702,0.9080452033586764
1,chbmit:chb23,chbmit,5,4,0.9596330097315511,0.9280683158467855,0.3688240206389702,0.9175802134561502
2,chbmit:chb23,chbmit,5,4,0.9710166837307473,0.9280683158467855,0.3688240206389702,0.9144007462643087
3,chbmit:chb23,chbmit,5,4,0.968219264448237,0.9280683158467855,0.3688240206389702,0.8964619144406613
4,chbmit:chb23,chbmit,5,4,0.972282582308533,0.9280683158467855,0.3688240206389702,0.9154637572306964
0,chbmit:chb24,chbmit,12,12,0.9250819994748152,nan,nan,nan
1,chbmit:chb24,chbmit,12,12,0.9175240957218505,nan,nan,nan
2,chbmit:chb24,chbmit,12,12,0.9296384922818073,nan,nan,nan
3,chbmit:chb24,chbmit,12,12,0.9108414210567859,nan,nan,nan
4,chbmit:chb24,chbmit,12,12,0.9198080223573933,nan,nan,nan
0,siena:PN01,siena,2,2,0.757658203841294,0.9995877207750468,0.0034713719428204103,0.9469412899078639
1,siena:PN01,siena,2,2,0.7597689365174227,0.9995877207750468,0.0034713719428204103,0.9997608589182405
2,siena:PN01,siena,2,2,0.802617928917921,0.9995877207750468,0.0034713719428204103,0.9979319079249441
3,siena:PN01,siena,2,2,0.7784494409729121,0.9995877207750468,0.0034713719428204103,0.9960666074872203
4,siena:PN01,siena,2,2,0.7793933906247423,0.9995877207750468,0.0034713719428204103,0.9999559980409561
0,siena:PN03,siena,2,2,0.36230163645424357,0.27930052061866584,1.0,0.8670199717837384
1,siena:PN03,siena,2,2,0.43603531199980033,0.27930052061866584,1.0,0.8432254200375303
2,siena:PN03,siena,2,2,0.4394033754569311,0.27930052061866584,1.0,0.8607846262466022
3,siena:PN03,siena,2,2,0.41889915973648506,0.27930052061866584,1.0,0.9188415145134439
4,siena:PN03,siena,2,2,0.4245086940532465,0.27930052061866584,1.0,0.8705121388449264
0,siena:PN05,siena,3,3,0.8678622458552315,nan,nan,nan
1,siena:PN05,siena,3,3,0.9000025429081383,nan,nan,nan
2,siena:PN05,siena,3,3,0.8740607562608804,nan,nan,nan
3,siena:PN05,siena,3,3,0.9158847224140858,nan,nan,nan
4,siena:PN05,siena,3,3,0.9182922378759981,nan,nan,nan
0,siena:PN06,siena,5,5,0.7240713206998672,nan,nan,nan
1,siena:PN06,siena,5,5,0.6781293788850973,nan,nan,nan
2,siena:PN06,siena,5,5,0.7187861656069668,nan,nan,nan
3,siena:PN06,siena,5,5,0.6991381019715996,nan,nan,nan
4,siena:PN06,siena,5,5,0.7433523658027835,nan,nan,nan
0,siena:PN09,siena,3,3,0.6994524722802448,nan,nan,nan
1,siena:PN09,siena,3,3,0.7167816791167806,nan,nan,nan
2,siena:PN09,siena,3,3,0.7029650205306648,nan,nan,nan
3,siena:PN09,siena,3,3,0.7415194295001193,nan,nan,nan
4,siena:PN09,siena,3,3,0.7099680200830932,nan,nan,nan
0,siena:PN10,siena,10,10,0.6714811314280723,nan,nan,nan
1,siena:PN10,siena,10,10,0.6904008596757188,nan,nan,nan
2,siena:PN10,siena,10,10,0.6755748847423156,nan,nan,nan
3,siena:PN10,siena,10,10,0.6586731017574067,nan,nan,nan
4,siena:PN10,siena,10,10,0.6552056234520534,nan,nan,nan
0,siena:PN12,siena,2,2,0.9549488338690463,nan,nan,nan
1,siena:PN12,siena,2,2,0.9586857568164242,nan,nan,nan
2,siena:PN12,siena,2,2,0.9567055070494376,nan,nan,nan
3,siena:PN12,siena,2,2,0.9503621263198035,nan,nan,nan
4,siena:PN12,siena,2,2,0.95557891334036,nan,nan,nan
0,siena:PN13,siena,3,3,0.778078150384354,nan,nan,nan
1,siena:PN13,siena,3,3,0.7664537685477547,nan,nan,nan
2,siena:PN13,siena,3,3,0.7833608537530282,nan,nan,nan
3,siena:PN13,siena,3,3,0.7138705577915501,nan,nan,nan
4,siena:PN13,siena,3,3,0.7578766027744084,nan,nan,nan
0,siena:PN14,siena,4,4,0.7312301863450088,0.9103229213315233,1.0,0.9499903965594106
1,siena:PN14,siena,4,4,0.795708659307703,0.9103229213315233,1.0,0.9402819784124017
2,siena:PN14,siena,4,4,0.7872039877428791,0.9103229213315233,1.0,0.9511053652057234
3,siena:PN14,siena,4,4,0.740461371760684,0.9103229213315233,1.0,0.9549144792302404
4,siena:PN14,siena,4,4,0.7503490532109419,0.9103229213315233,1.0,0.9578638805489124
0,siena:PN16,siena,2,2,0.8019850893003443,nan,nan,nan
1,siena:PN16,siena,2,2,0.844724725544814,nan,nan,nan
2,siena:PN16,siena,2,2,0.7743429460920859,nan,nan,nan
3,siena:PN16,siena,2,2,0.8549786990004916,nan,nan,nan
4,siena:PN16,siena,2,2,0.8124012780599704,nan,nan,nan
0,siena:PN17,siena,2,1,0.6530742821473159,nan,nan,nan
1,siena:PN17,siena,2,1,0.7519694132334583,nan,nan,nan
2,siena:PN17,siena,2,1,0.552565543071161,nan,nan,nan
3,siena:PN17,siena,2,1,0.6604338327091136,nan,nan,nan
4,siena:PN17,siena,2,1,0.6952184769038701,nan,nan,nan
