seed,subject,dataset,seizures,folds_scored,general,general_personal,ps_eeg,ps_clock,general_v1,general_personal_v1
0,chbmit:chb01,chbmit,10,10,0.585146817255288,0.6747887854926828,0.5968993936857192,0.6928724404035502,0.5799372819895522,0.6876754890583278
1,chbmit:chb01,chbmit,10,10,0.5815122568009284,0.7083231255673675,0.6201858814438818,0.6928724404035502,0.609163816666722,0.6998208947531183
2,chbmit:chb01,chbmit,10,10,0.5775098738573675,0.6967219250758984,0.6069514782313763,0.6928724404035502,0.6216119950221293,0.6877297422779827
3,chbmit:chb01,chbmit,10,10,0.6124612194951634,0.6809138607260309,0.657058353229298,0.6928724404035502,0.6228891538451308,0.7132546299683105
4,chbmit:chb01,chbmit,10,10,0.6066052593513804,0.7002531539814651,0.5694402244032042,0.6928724404035502,0.6203934745669718,0.7126174222145372
0,chbmit:chb02,chbmit,2,1,0.3910176148566973,0.5647644575978661,0.4616311352107547,0.9725473945923547,0.46103120914103807,0.5794838558134394
1,chbmit:chb02,chbmit,2,1,0.6328778531476784,0.5779244520227954,0.4616311352107547,0.9725473945923547,0.36357164643779827,0.4864589558516166
2,chbmit:chb02,chbmit,2,1,0.4368529477031257,0.5352800679396796,0.4616311352107547,0.9725473945923547,0.35046907639376046,0.5697312336978964
3,chbmit:chb02,chbmit,2,1,0.4476068894251704,0.5025346082892527,0.4616311352107547,0.9725473945923547,0.4247802651736713,0.5718622842149033
4,chbmit:chb02,chbmit,2,1,0.44639174335514786,0.6487073598722466,0.4616311352107547,0.9725473945923547,0.45855474664449725,0.5672865133214464
0,chbmit:chb03,chbmit,6,6,0.5278211235231631,0.5329847489796621,0.5845420734771241,0.020079460516054276,0.5315512154424868,0.5184575287826637
1,chbmit:chb03,chbmit,6,6,0.5146259398899865,0.5318857394636415,0.597122877006612,0.020079460516054276,0.5526324085246204,0.5127247171484222
2,chbmit:chb03,chbmit,6,6,0.4946257941729388,0.5198592017442187,0.5584608259314403,0.020079460516054276,0.4998984910037878,0.5061825507105545
3,chbmit:chb03,chbmit,6,6,0.5232831195432603,0.5393606873728027,0.5998426881073031,0.020079460516054276,0.5516624764198678,0.49728686158590113
4,chbmit:chb03,chbmit,6,6,0.4919199055426509,0.5550445546705476,0.5484161843356242,0.020079460516054276,0.5375673577654334,0.5156471134186237
0,chbmit:chb04,chbmit,4,4,0.2661593448339906,0.2776046279410044,0.5764456220775054,0.3394809177327323,0.2868966602969838,0.2821409628455315
1,chbmit:chb04,chbmit,4,4,0.2651165226827704,0.29880266104746267,0.5853168799138336,0.3394809177327323,0.2555562487753978,0.32589520035197683
2,chbmit:chb04,chbmit,4,4,0.26866717102913784,0.2648436349237965,0.614583566644511,0.3394809177327323,0.2721304346442374,0.314232033377995
3,chbmit:chb04,chbmit,4,4,0.26723589890260635,0.2816759442700086,0.5684953228977659,0.3394809177327323,0.28163886468123833,0.2844372927708853
4,chbmit:chb04,chbmit,4,4,0.25536597944427697,0.3030275499242886,0.5994684438288065,0.3394809177327323,0.2591744134984835,0.3022984856455755
0,chbmit:chb05,chbmit,5,4,0.7238798113419922,0.7756746944209125,0.823404950368523,0.6638306749525437,0.6471185476752462,0.7888311615771376
1,chbmit:chb05,chbmit,5,4,0.7033625336299909,0.7599790624478994,0.823404950368523,0.6638306749525437,0.6839487512366612,0.7673380957660275
2,chbmit:chb05,chbmit,5,4,0.7137663981909412,0.7623740171241079,0.823404950368523,0.6638306749525437,0.6541684262729888,0.7829224388101309
3,chbmit:chb05,chbmit,5,4,0.7165266175189932,0.7745727224487965,0.823404950368523,0.6638306749525437,0.6542038017652201,0.7710279796447049
4,chbmit:chb05,chbmit,5,4,0.7095007739446806,0.7842534205477447,0.823404950368523,0.6638306749525437,0.6816289483238532,0.8084892718318835
0,chbmit:chb06,chbmit,10,10,0.5162707456007078,0.36086533955550243,0.6012892286927431,0.43825158727145175,0.5124061779928849,0.34794303577223284
1,chbmit:chb06,chbmit,10,10,0.5396929203051846,0.3369018829785142,0.6148258916623811,0.43825158727145175,0.486698540085554,0.34865504443047024
2,chbmit:chb06,chbmit,10,10,0.5447651376724199,0.3660865049171619,0.6221608859915311,0.43825158727145175,0.4985438195120232,0.3594996830870231
3,chbmit:chb06,chbmit,10,10,0.5176535252493049,0.3481761161843595,0.6096950846120246,0.43825158727145175,0.5188454879662867,0.3351528250927279
4,chbmit:chb06,chbmit,10,10,0.5052683843062787,0.3568775166142982,0.6123861383485406,0.43825158727145175,0.455088431519542,0.3542242285644377
0,chbmit:chb07,chbmit,3,2,0.9178240364103121,0.9183503498210218,0.6922021888671945,0.8698377106157572,0.9323865793470009,0.8990629632642732
1,chbmit:chb07,chbmit,3,2,0.9135580504031531,0.9125282478215281,0.5724137142043605,0.8698377106157572,0.913203201269118,0.9159099640235746
2,chbmit:chb07,chbmit,3,2,0.8909987186788154,0.9053962943377808,0.5701120252106158,0.8698377106157572,0.9260160741403622,0.9067043379614564
3,chbmit:chb07,chbmit,3,2,0.9160626717467548,0.9088437714683444,0.5783820551759048,0.8698377106157572,0.9277341066456956,0.9101801759048341
4,chbmit:chb07,chbmit,3,2,0.9058994445348375,0.9183222149907799,0.5714125266659436,0.8698377106157572,0.9204118758361355,0.9019985333731063
0,chbmit:chb09,chbmit,4,4,0.32221107968220664,0.3809986101546399,0.555685811170131,0.3641118573780411,0.333140044373879,0.4032741753423289
1,chbmit:chb09,chbmit,4,4,0.3272284142509935,0.37992068011542923,0.48291364495582845,0.3641118573780411,0.31878322266193965,0.39380730499019034
2,chbmit:chb09,chbmit,4,4,0.3153424797110424,0.3507597592573044,0.45782913638971645,0.3641118573780411,0.30251778717213984,0.42724088926804643
3,chbmit:chb09,chbmit,4,4,0.30297408076837484,0.3690282987004998,0.5204672861328477,0.3641118573780411,0.33958622119805004,0.404847316084059
4,chbmit:chb09,chbmit,4,4,0.34304539541814605,0.3793460793139802,0.4796565464636737,0.3641118573780411,0.3697878305590284,0.41535216211155
0,chbmit:chb10,chbmit,6,6,0.6602448439183981,0.5658979848987333,0.7003007381135888,0.5468468270390068,0.6965418781387683,0.5526434678972824
1,chbmit:chb10,chbmit,6,6,0.6992501601697959,0.5577067522895487,0.6834371372194097,0.5468468270390068,0.6995624512961228,0.5505830873487715
2,chbmit:chb10,chbmit,6,6,0.6815153928237536,0.5689332425082643,0.6962236306148708,0.5468468270390068,0.6935350033632993,0.5569108603116835
3,chbmit:chb10,chbmit,6,6,0.6767804698385085,0.5650922855190514,0.6511059444581251,0.5468468270390068,0.710237195211003,0.552387009669885
4,chbmit:chb10,chbmit,6,6,0.6874710708296956,0.5466496263060101,0.6437207043846548,0.5468468270390068,0.6762070566388114,0.5342549625986204
0,chbmit:chb13,chbmit,5,5,0.6226789226342049,0.8387550980270376,0.7385058381466989,0.47095511665942075,0.6950689915740222,0.8464589673519243
1,chbmit:chb13,chbmit,5,5,0.582486129225928,0.8503586216177049,0.7653031385214168,0.47095511665942075,0.6866999979297352,0.8483846241434279
2,chbmit:chb13,chbmit,5,5,0.6632861830528124,0.8423996956710763,0.7457813179305632,0.47095511665942075,0.6494410802641657,0.8663644080077842
3,chbmit:chb13,chbmit,5,5,0.6194757571993458,0.8432619091981864,0.7501796989834999,0.47095511665942075,0.6473491294536572,0.8830057656874314
4,chbmit:chb13,chbmit,5,5,0.6671870794774651,0.8441619568142765,0.7247807589590709,0.47095511665942075,0.7098625861747718,0.845841252096143
0,chbmit:chb14,chbmit,6,6,0.33885604010954623,0.5292778659019184,0.5963387731132695,0.5533386538973131,0.2491082260113763,0.555696342608997
1,chbmit:chb14,chbmit,6,6,0.23594010612427824,0.5558085215124089,0.5963387731132695,0.5533386538973131,0.26194422459403105,0.5253535360225362
2,chbmit:chb14,chbmit,6,6,0.30601894319470063,0.5517824993183718,0.5963387731132695,0.5533386538973131,0.2704044180550358,0.530073259860981
3,chbmit:chb14,chbmit,6,6,0.19487227886819902,0.5661482980266448,0.5963387731132695,0.5533386538973131,0.2594489683956292,0.5459177365746828
4,chbmit:chb14,chbmit,6,6,0.23279371555293576,0.5541727516477742,0.5963387731132695,0.5533386538973131,0.20575446038773887,0.5337635042426531
0,chbmit:chb15,chbmit,9,9,0.792644554375152,0.9913456133825878,0.598434559380759,0.34765281782107893,0.7783866845265227,0.9890352042371483
1,chbmit:chb15,chbmit,9,9,0.800555650323407,0.9890696003064886,0.598434559380759,0.34765281782107893,0.7425837320574163,0.9931249807745547
2,chbmit:chb15,chbmit,9,9,0.7189060931378444,0.986536595460278,0.598434559380759,0.34765281782107893,0.6404053143325346,0.9901789434534214
3,chbmit:chb15,chbmit,9,9,0.7727859977237073,0.9896523759853912,0.598434559380759,0.34765281782107893,0.7443533119499776,0.9901845363102246
4,chbmit:chb15,chbmit,9,9,0.8003554260498491,0.9895975659887192,0.598434559380759,0.34765281782107893,0.7932874532646903,0.9926132343770536
0,chbmit:chb16,chbmit,5,5,0.48374629062625013,0.7049694550068853,0.7456969031935603,1.0,0.4916199932436967,0.7417382843650184
1,chbmit:chb16,chbmit,5,5,0.5414055203825614,0.7305478256829105,0.7456969031935603,1.0,0.510776387431713,0.7128423204120312
2,chbmit:chb16,chbmit,5,5,0.5192966970160777,0.7477950967545326,0.7456969031935603,1.0,0.49079087399522314,0.7333008587984244
3,chbmit:chb16,chbmit,5,5,0.5555738036829247,0.73283020595004,0.7456969031935603,1.0,0.5032901745741136,0.7090228183607914
4,chbmit:chb16,chbmit,5,5,0.5439274829030782,0.7395239973650137,0.7456969031935603,1.0,0.514875099785241,0.7094037499576162
0,chbmit:chb17,chbmit,3,2,0.8239142784383632,0.7815402620464514,0.8434251724403412,0.14824789862179838,0.8271494282511057,0.78064326704803
1,chbmit:chb17,chbmit,3,2,0.7796601714631679,0.8092532619138839,0.8434251724403412,0.14824789862179838,0.8005698583258128,0.8142657738324373
2,chbmit:chb17,chbmit,3,2,0.8021820804179477,0.8082467050581135,0.8434251724403412,0.14824789862179838,0.8655717010605861,0.8088557869844158
3,chbmit:chb17,chbmit,3,2,0.8039154811132215,0.7811225147566839,0.8434251724403412,0.14824789862179838,0.8336741671362716,0.8035011505133918
4,chbmit:chb17,chbmit,3,2,0.7890357964327023,0.8115729666025392,0.8434251724403412,0.14824789862179838,0.8256242178627283,0.8178835929182495
0,chbmit:chb18,chbmit,4,3,0.7174225232514218,0.6454877015468603,0.4684006749978737,0.726761264058118,0.7432898466090707,0.5997703650581416
1,chbmit:chb18,chbmit,4,3,0.6932281590633157,0.5999920643946872,0.44138815605669035,0.726761264058118,0.7033487403241433,0.6287186937260332
2,chbmit:chb18,chbmit,4,3,0.7696676153381632,0.6224805353416962,0.49062963462757686,0.726761264058118,0.7582470876426715,0.6059090664749027
3,chbmit:chb18,chbmit,4,3,0.7618332348257575,0.6617434485587154,0.5068016387417823,0.726761264058118,0.7504297307060194,0.6539841027302083
4,chbmit:chb18,chbmit,4,3,0.7796297463938991,0.6208608730593206,0.49946997751643973,0.726761264058118,0.7895755086267953,0.6236950365211353
0,chbmit:chb19,chbmit,2,2,0.7361590333735181,0.679491580327235,0.7346268917299559,0.8609812141845569,0.6725390466337542,0.7676006547872843
1,chbmit:chb19,chbmit,2,2,0.726864387031518,0.7374582912187368,0.7346268917299559,0.8609812141845569,0.662403623406409,0.7777396131156576
2,chbmit:chb19,chbmit,2,2,0.7478216202450185,0.7362249016845117,0.7346268917299559,0.8609812141845569,0.6066106389226167,0.7966199384026681
3,chbmit:chb19,chbmit,2,2,0.739126498179423,0.7447258817732355,0.7346268917299559,0.8609812141845569,0.6788585808084415,0.7962252335511388
4,chbmit:chb19,chbmit,2,2,0.716103611646787,0.6600703845829194,0.7346268917299559,0.8609812141845569,0.712806805285914,0.7965620060327582
0,chbmit:chb20,chbmit,5,2,0.7522847712802436,0.9221150269769108,0.9022094403571901,0.813462205093697,0.7843984328277115,0.8884377035077082
1,chbmit:chb20,chbmit,5,2,0.7744052444880144,0.8915756100746496,0.9069419826706613,0.813462205093697,0.7453437952588883,0.8764738055654285
2,chbmit:chb20,chbmit,5,2,0.7566975088527064,0.9182469124904271,0.8790947073734997,0.813462205093697,0.7205582825427135,0.9317489189489858
3,chbmit:chb20,chbmit,5,2,0.7750531136566432,0.9353565951919849,0.9175943972480789,0.813462205093697,0.7619682213719907,0.880118908513388
4,chbmit:chb20,chbmit,5,2,0.8024303611625405,0.9148986420300865,0.9683715950409875,0.813462205093697,0.7309541306047459,0.872422429282241
0,chbmit:chb22,chbmit,2,1,0.43742912327286865,0.45659113028712417,0.3442045615953298,1.0,0.3511087483632414,0.38790687180555194
1,chbmit:chb22,chbmit,2,1,0.4437971246028277,0.38368269879394806,0.3442045615953298,1.0,0.3952778230688533,0.37342392766337784
2,chbmit:chb22,chbmit,2,1,0.46316648101131697,0.3887549947683099,0.3442045615953298,1.0,0.5467904003624504,0.3903219898599752
3,chbmit:chb22,chbmit,2,1,0.48765654536727104,0.5054433783153638,0.3442045615953298,1.0,0.507970391967997,0.38969035062599877
4,chbmit:chb22,chbmit,2,1,0.41891245699441115,0.47985719381368064,0.3442045615953298,1.0,0.5131847268445761,0.40422262017473065
0,chbmit:chb23,chbmit,5,4,0.8553089371273016,0.7594856814840343,0.9280683158467855,0.3688240206389702,0.8740752895952669,0.782242064397907
1,chbmit:chb23,chbmit,5,4,0.8792422498856681,0.7247089437885122,0.9280683158467855,0.3688240206389702,0.8520305083451666,0.7743486166378435
2,chbmit:chb23,chbmit,5,4,0.877900268109384,0.7574998406440121,0.9280683158467855,0.3688240206389702,0.8521849510379271,0.7915244528611074
3,chbmit:chb23,chbmit,5,4,0.9008648355989712,0.7404195745329913,0.9280683158467855,0.3688240206389702,0.8633459574581689,0.7908925944120094
4,chbmit:chb23,chbmit,5,4,0.8539266924192901,0.7362956241845778,0.9280683158467855,0.3688240206389702,0.8601991875931732,0.774404445584213
0,siena:PN01,siena,2,2,0.9992462273102942,0.9998230355994979,0.9995877207750468,0.0034713719428204103,0.9998555587866172,0.9992510101319294
1,siena:PN01,siena,2,2,0.9995618935382167,0.9999684333772079,0.9995877207750468,0.0034713719428204103,0.9989812589917045,0.9999512152193211
2,siena:PN01,siena,2,2,0.9993084039915516,0.9998880819737366,0.9995877207750468,0.0034713719428204103,0.9986340261409901,0.999921561725183
3,siena:PN01,siena,2,2,0.9992299657167345,0.9998861688450824,0.9995877207750468,0.0034713719428204103,0.9985058465211668,0.9998306881141144
4,siena:PN01,siena,2,2,0.9988559490648626,0.9998555587866174,0.9995877207750468,0.0034713719428204103,0.9979204291530196,0.9999072132602773
0,siena:PN03,siena,2,1,0.7182414520043383,0.9914635224503568,0.27930052061866584,1.0,0.9261850892124476,0.9921564769768505
1,siena:PN03,siena,2,1,0.7923601919104253,0.9966784255176614,0.27930052061866584,1.0,0.8159399464314399,0.9981776478894461
2,siena:PN03,siena,2,1,0.8358332824876133,0.9977561472475448,0.27930052061866584,1.0,0.9497181486845071,0.9946325597727756
3,siena:PN03,siena,2,1,0.7885056712693457,0.9862747686104674,0.27930052061866584,1.0,0.9028537523518739,0.9929004847568683
4,siena:PN03,siena,2,1,0.8413588632806323,0.995133753298227,0.27930052061866584,1.0,0.9463679345721425,0.981637016348248
0,siena:PN14,siena,4,4,0.7936636014222788,0.9119500734759323,0.9103229213315233,1.0,0.809092794978997,0.9073176879996776
1,siena:PN14,siena,4,4,0.7914074197402273,0.9128923640695252,0.9103229213315233,1.0,0.7909886796414247,0.9042395721596174
2,siena:PN14,siena,4,4,0.7704112395526016,0.919157752350252,0.9103229213315233,1.0,0.7697041454935458,0.9214971805669155
3,siena:PN14,siena,4,4,0.7823846989526148,0.922485273470717,0.9103229213315233,1.0,0.7857078738684615,0.9040989891563866
4,siena:PN14,siena,4,4,0.8098575598301035,0.9144702035076879,0.9103229213315233,1.0,0.8095860892031752,0.9376152475556361
