seed,subject,dataset,seizures,folds_scored,ps_eeg_clock,ps_eeg_ctx_clock,general,general_personal,ps_eeg,ps_clock
0,chbmit:chb01,chbmit,10,10,0.6929163126681319,0.7612573820124963,0.5799372819895522,0.6876754890583278,0.5968993936857192,0.6928724404035502
1,chbmit:chb01,chbmit,10,10,0.611783059445152,0.6623398953300458,0.609163816666722,0.6998208947531183,0.6201858814438818,0.6928724404035502
2,chbmit:chb01,chbmit,10,10,0.6597976628199288,0.6765485496174322,0.6216119950221293,0.6877297422779827,0.6069514782313763,0.6928724404035502
3,chbmit:chb01,chbmit,10,10,0.6625785637746026,0.6430507039513718,0.6228891538451308,0.7132546299683105,0.657058353229298,0.6928724404035502
4,chbmit:chb01,chbmit,10,10,0.5841434808017797,0.5867419720614104,0.6203934745669718,0.7126174222145372,0.5694402244032042,0.6928724404035502
0,chbmit:chb02,chbmit,2,1,1.0,1.0,0.46103120914103807,0.5794838558134394,0.4616311352107547,0.9725473945923547
1,chbmit:chb02,chbmit,2,1,1.0,1.0,0.36357164643779827,0.4864589558516166,0.4616311352107547,0.9725473945923547
2,chbmit:chb02,chbmit,2,1,1.0,1.0,0.35046907639376046,0.5697312336978964,0.4616311352107547,0.9725473945923547
3,chbmit:chb02,chbmit,2,1,1.0,1.0,0.4247802651736713,0.5718622842149033,0.4616311352107547,0.9725473945923547
4,chbmit:chb02,chbmit,2,1,1.0,1.0,0.45855474664449725,0.5672865133214464,0.4616311352107547,0.9725473945923547
0,chbmit:chb03,chbmit,6,6,0.39694756929897623,0.45249226286961064,0.5315512154424868,0.5184575287826637,0.5845420734771241,0.020079460516054276
1,chbmit:chb03,chbmit,6,6,0.3641604640938887,0.3569990482945491,0.5526324085246204,0.5127247171484222,0.597122877006612,0.020079460516054276
2,chbmit:chb03,chbmit,6,6,0.3676987192794018,0.4767346983333696,0.4998984910037878,0.5061825507105545,0.5584608259314403,0.020079460516054276
3,chbmit:chb03,chbmit,6,6,0.3009903565371541,0.24403587457532558,0.5516624764198678,0.49728686158590113,0.5998426881073031,0.020079460516054276
4,chbmit:chb03,chbmit,6,6,0.2515274140295267,0.3668781952400204,0.5375673577654334,0.5156471134186237,0.5484161843356242,0.020079460516054276
0,chbmit:chb04,chbmit,4,4,0.44446392207053376,0.4540027776364984,0.2868966602969838,0.2821409628455315,0.5764456220775054,0.3394809177327323
1,chbmit:chb04,chbmit,4,4,0.5006226030748017,0.5461229364308131,0.2555562487753978,0.32589520035197683,0.5853168799138336,0.3394809177327323
2,chbmit:chb04,chbmit,4,4,0.47329194000228303,0.46767146622661954,0.2721304346442374,0.314232033377995,0.614583566644511,0.3394809177327323
3,chbmit:chb04,chbmit,4,4,0.47362964198170854,0.491595153100271,0.28163886468123833,0.2844372927708853,0.5684953228977659,0.3394809177327323
4,chbmit:chb04,chbmit,4,4,0.4383845058179526,0.5166075237217795,0.2591744134984835,0.3022984856455755,0.5994684438288065,0.3394809177327323
0,chbmit:chb05,chbmit,5,4,0.8210366542570343,0.8414309640498676,0.6471185476752462,0.7888311615771376,0.823404950368523,0.6638306749525437
1,chbmit:chb05,chbmit,5,4,0.8210366542570343,0.8414309640498676,0.6839487512366612,0.7673380957660275,0.823404950368523,0.6638306749525437
2,chbmit:chb05,chbmit,5,4,0.8210366542570343,0.8414309640498676,0.6541684262729888,0.7829224388101309,0.823404950368523,0.6638306749525437
3,chbmit:chb05,chbmit,5,4,0.8210366542570343,0.8414309640498676,0.6542038017652201,0.7710279796447049,0.823404950368523,0.6638306749525437
4,chbmit:chb05,chbmit,5,4,0.8210366542570343,0.8414309640498676,0.6816289483238532,0.8084892718318835,0.823404950368523,0.6638306749525437
0,chbmit:chb06,chbmit,10,10,0.3684563293728444,0.43289664805148154,0.5124061779928849,0.34794303577223284,0.6012892286927431,0.43825158727145175
1,chbmit:chb06,chbmit,10,10,0.374109448652854,0.47041858584374147,0.486698540085554,0.34865504443047024,0.6148258916623811,0.43825158727145175
2,chbmit:chb06,chbmit,10,10,0.3550100404962421,0.4819087368272638,0.4985438195120232,0.3594996830870231,0.6221608859915311,0.43825158727145175
3,chbmit:chb06,chbmit,10,10,0.31295909258066335,0.44228045849973985,0.5188454879662867,0.3351528250927279,0.6096950846120246,0.43825158727145175
4,chbmit:chb06,chbmit,10,10,0.348169906072492,0.47387810738768477,0.455088431519542,0.3542242285644377,0.6123861383485406,0.43825158727145175
0,chbmit:chb07,chbmit,3,2,0.8872773224228948,0.9121269027732581,0.9323865793470009,0.8990629632642732,0.6922021888671945,0.8698377106157572
1,chbmit:chb07,chbmit,3,2,0.7952697610460282,0.7742413482572224,0.913203201269118,0.9159099640235746,0.5724137142043605,0.8698377106157572
2,chbmit:chb07,chbmit,3,2,0.7243591416729942,0.8601357138337491,0.9260160741403622,0.9067043379614564,0.5701120252106158,0.8698377106157572
3,chbmit:chb07,chbmit,3,2,0.7160405819503199,0.6310082551433633,0.9277341066456956,0.9101801759048341,0.5783820551759048,0.8698377106157572
4,chbmit:chb07,chbmit,3,2,0.811085857558665,0.7670728420924178,0.9204118758361355,0.9019985333731063,0.5714125266659436,0.8698377106157572
0,chbmit:chb09,chbmit,4,4,0.4892382631712363,0.4478476566236994,0.333140044373879,0.4032741753423289,0.555685811170131,0.3641118573780411
1,chbmit:chb09,chbmit,4,4,0.4364349808254958,0.356712779946843,0.31878322266193965,0.39380730499019034,0.48291364495582845,0.3641118573780411
2,chbmit:chb09,chbmit,4,4,0.42014875031606436,0.3963534332308124,0.30251778717213984,0.42724088926804643,0.45782913638971645,0.3641118573780411
3,chbmit:chb09,chbmit,4,4,0.5238576622496249,0.4923881650825749,0.33958622119805004,0.404847316084059,0.5204672861328477,0.3641118573780411
4,chbmit:chb09,chbmit,4,4,0.43184118645032027,0.35528577283947427,0.3697878305590284,0.41535216211155,0.4796565464636737,0.3641118573780411
0,chbmit:chb10,chbmit,6,6,0.5311492276138059,0.6020763575522857,0.6965418781387683,0.5526434678972824,0.7003007381135888,0.5468468270390068
1,chbmit:chb10,chbmit,6,6,0.41458392630803553,0.5800066120010617,0.6995624512961228,0.5505830873487715,0.6834371372194097,0.5468468270390068
2,chbmit:chb10,chbmit,6,6,0.5003087466033875,0.560351632665897,0.6935350033632993,0.5569108603116835,0.6962236306148708,0.5468468270390068
3,chbmit:chb10,chbmit,6,6,0.46665371450013693,0.5726196263166703,0.710237195211003,0.552387009669885,0.6511059444581251,0.5468468270390068
4,chbmit:chb10,chbmit,6,6,0.46690741439577343,0.5328044798505863,0.6762070566388114,0.5342549625986204,0.6437207043846548,0.5468468270390068
0,chbmit:chb13,chbmit,5,5,0.6120993520071216,0.6357469515351013,0.6950689915740222,0.8464589673519243,0.7385058381466989,0.47095511665942075
1,chbmit:chb13,chbmit,5,5,0.558733463760015,0.6449237624992237,0.6866999979297352,0.8483846241434279,0.7653031385214168,0.47095511665942075
2,chbmit:chb13,chbmit,5,5,0.6293442436287602,0.6401012359480778,0.6494410802641657,0.8663644080077842,0.7457813179305632,0.47095511665942075
3,chbmit:chb13,chbmit,5,5,0.6207640829762127,0.645983116990663,0.6473491294536572,0.8830057656874314,0.7501796989834999,0.47095511665942075
4,chbmit:chb13,chbmit,5,5,0.5314749342690931,0.5462299960664969,0.7098625861747718,0.845841252096143,0.7247807589590709,0.47095511665942075
0,chbmit:chb14,chbmit,6,6,0.5817252977363319,0.5833009076970458,0.2491082260113763,0.555696342608997,0.5963387731132695,0.5533386538973131
1,chbmit:chb14,chbmit,6,6,0.5817252977363319,0.5833009076970458,0.26194422459403105,0.5253535360225362,0.5963387731132695,0.5533386538973131
2,chbmit:chb14,chbmit,6,6,0.5817252977363319,0.5833009076970458,0.2704044180550358,0.530073259860981,0.5963387731132695,0.5533386538973131
3,chbmit:chb14,chbmit,6,6,0.5817252977363319,0.5833009076970458,0.2594489683956292,0.5459177365746828,0.5963387731132695,0.5533386538973131
4,chbmit:chb14,chbmit,6,6,0.5817252977363319,0.5833009076970458,0.20575446038773887,0.5337635042426531,0.5963387731132695,0.5533386538973131
0,chbmit:chb15,chbmit,9,9,0.9581047486150689,0.9669593595060388,0.7783866845265227,0.9890352042371483,0.598434559380759,0.34765281782107893
1,chbmit:chb15,chbmit,9,9,0.9581047486150689,0.9669593595060388,0.7425837320574163,0.9931249807745547,0.598434559380759,0.34765281782107893
2,chbmit:chb15,chbmit,9,9,0.9581047486150689,0.9669593595060388,0.6404053143325346,0.9901789434534214,0.598434559380759,0.34765281782107893
3,chbmit:chb15,chbmit,9,9,0.9581047486150689,0.9669593595060388,0.7443533119499776,0.9901845363102246,0.598434559380759,0.34765281782107893
4,chbmit:chb15,chbmit,9,9,0.9581047486150689,0.9669593595060388,0.7932874532646903,0.9926132343770536,0.598434559380759,0.34765281782107893
0,chbmit:chb16,chbmit,5,5,0.881882042089174,0.8906575618898728,0.4916199932436967,0.7417382843650184,0.7456969031935603,1.0
1,chbmit:chb16,chbmit,5,5,0.881882042089174,0.8906575618898728,0.510776387431713,0.7128423204120312,0.7456969031935603,1.0
2,chbmit:chb16,chbmit,5,5,0.881882042089174,0.8906575618898728,0.49079087399522314,0.7333008587984244,0.7456969031935603,1.0
3,chbmit:chb16,chbmit,5,5,0.881882042089174,0.8906575618898728,0.5032901745741136,0.7090228183607914,0.7456969031935603,1.0
4,chbmit:chb16,chbmit,5,5,0.881882042089174,0.8906575618898728,0.514875099785241,0.7094037499576162,0.7456969031935603,1.0
0,chbmit:chb17,chbmit,3,2,0.8368122829547717,0.8545249730423163,0.8271494282511057,0.78064326704803,0.8434251724403412,0.14824789862179838
1,chbmit:chb17,chbmit,3,2,0.8368122829547717,0.8545249730423163,0.8005698583258128,0.8142657738324373,0.8434251724403412,0.14824789862179838
2,chbmit:chb17,chbmit,3,2,0.8368122829547717,0.8545249730423163,0.8655717010605861,0.8088557869844158,0.8434251724403412,0.14824789862179838
3,chbmit:chb17,chbmit,3,2,0.8368122829547717,0.8545249730423163,0.8336741671362716,0.8035011505133918,0.8434251724403412,0.14824789862179838
4,chbmit:chb17,chbmit,3,2,0.8368122829547717,0.8545249730423163,0.8256242178627283,0.8178835929182495,0.8434251724403412,0.14824789862179838
0,chbmit:chb18,chbmit,4,3,0.5076647667701373,0.40748639243388485,0.7432898466090707,0.5997703650581416,0.4684006749978737,0.726761264058118
1,chbmit:chb18,chbmit,4,3,0.49042479517855675,0.4765079237870228,0.7033487403241433,0.6287186937260332,0.44138815605669035,0.726761264058118
2,chbmit:chb18,chbmit,4,3,0.5554298429961441,0.532385945152527,0.7582470876426715,0.6059090664749027,0.49062963462757686,0.726761264058118
3,chbmit:chb18,chbmit,4,3,0.540988874634918,0.39826626011748756,0.7504297307060194,0.6539841027302083,0.5068016387417823,0.726761264058118
4,chbmit:chb18,chbmit,4,3,0.47563746252603545,0.5534105195353061,0.7895755086267953,0.6236950365211353,0.49946997751643973,0.726761264058118
0,chbmit:chb19,chbmit,2,2,0.7347803439725445,0.8367916721677168,0.6725390466337542,0.7676006547872843,0.7346268917299559,0.8609812141845569
1,chbmit:chb19,chbmit,2,2,0.7347803439725445,0.8367916721677168,0.662403623406409,0.7777396131156576,0.7346268917299559,0.8609812141845569
2,chbmit:chb19,chbmit,2,2,0.7347803439725445,0.8367916721677168,0.6066106389226167,0.7966199384026681,0.7346268917299559,0.8609812141845569
3,chbmit:chb19,chbmit,2,2,0.7347803439725445,0.8367916721677168,0.6788585808084415,0.7962252335511388,0.7346268917299559,0.8609812141845569
4,chbmit:chb19,chbmit,2,2,0.7347803439725445,0.8367916721677168,0.712806805285914,0.7965620060327582,0.7346268917299559,0.8609812141845569
0,chbmit:chb20,chbmit,5,2,0.7470927838989799,0.9764108512665326,0.7843984328277115,0.8884377035077082,0.9022094403571901,0.813462205093697
1,chbmit:chb20,chbmit,5,2,0.48844405314179123,0.8707797841072789,0.7453437952588883,0.8764738055654285,0.9069419826706613,0.813462205093697
2,chbmit:chb20,chbmit,5,2,0.803259685321427,0.9675701473244165,0.7205582825427135,0.9317489189489858,0.8790947073734997,0.813462205093697
3,chbmit:chb20,chbmit,5,2,0.7810158330448895,0.9403888092603477,0.7619682213719907,0.880118908513388,0.9175943972480789,0.813462205093697
4,chbmit:chb20,chbmit,5,2,0.7731089899203432,0.9758130564479889,0.7309541306047459,0.872422429282241,0.9683715950409875,0.813462205093697
0,chbmit:chb22,chbmit,2,1,0.886697257553067,0.6969661677949853,0.3511087483632414,0.38790687180555194,0.3442045615953298,1.0
1,chbmit:chb22,chbmit,2,1,0.886697257553067,0.6969661677949853,0.3952778230688533,0.37342392766337784,0.3442045615953298,1.0
2,chbmit:chb22,chbmit,2,1,0.886697257553067,0.6969661677949853,0.5467904003624504,0.3903219898599752,0.3442045615953298,1.0
3,chbmit:chb22,chbmit,2,1,0.886697257553067,0.6969661677949853,0.507970391967997,0.38969035062599877,0.3442045615953298,1.0
4,chbmit:chb22,chbmit,2,1,0.886697257553067,0.6969661677949853,0.5131847268445761,0.40422262017473065,0.3442045615953298,1.0
0,chbmit:chb23,chbmit,5,4,0.510757985778576,0.6991238942585842,0.8740752895952669,0.782242064397907,0.9280683158467855,0.3688240206389702
1,chbmit:chb23,chbmit,5,4,0.510757985778576,0.6991238942585842,0.8520305083451666,0.7743486166378435,0.9280683158467855,0.3688240206389702
2,chbmit:chb23,chbmit,5,4,0.510757985778576,0.6991238942585842,0.8521849510379271,0.7915244528611074,0.9280683158467855,0.3688240206389702
3,chbmit:chb23,chbmit,5,4,0.510757985778576,0.6991238942585842,0.8633459574581689,0.7908925944120094,0.9280683158467855,0.3688240206389702
4,chbmit:chb23,chbmit,5,4,0.510757985778576,0.6991238942585842,0.8601991875931732,0.774404445584213,0.9280683158467855,0.3688240206389702
0,siena:PN01,siena,2,2,0.8978762358811104,0.9354931280418746,0.9998555587866172,0.9992510101319294,0.9995877207750468,0.0034713719428204103
1,siena:PN01,siena,2,2,0.8978762358811104,0.9354931280418746,0.9989812589917045,0.9999512152193211,0.9995877207750468,0.0034713719428204103
2,siena:PN01,siena,2,2,0.8978762358811104,0.9354931280418746,0.9986340261409901,0.999921561725183,0.9995877207750468,0.0034713719428204103
3,siena:PN01,siena,2,2,0.8978762358811104,0.9354931280418746,0.9985058465211668,0.9998306881141144,0.9995877207750468,0.0034713719428204103
4,siena:PN01,siena,2,2,0.8978762358811104,0.9354931280418746,0.9979204291530196,0.9999072132602773,0.9995877207750468,0.0034713719428204103
0,siena:PN03,siena,2,1,0.6506481895395619,0.1418944243621145,0.9261850892124476,0.9921564769768505,0.27930052061866584,1.0
1,siena:PN03,siena,2,1,0.6506481895395619,0.1418944243621145,0.8159399464314399,0.9981776478894461,0.27930052061866584,1.0
2,siena:PN03,siena,2,1,0.6506481895395619,0.1418944243621145,0.9497181486845071,0.9946325597727756,0.27930052061866584,1.0
3,siena:PN03,siena,2,1,0.6506481895395619,0.1418944243621145,0.9028537523518739,0.9929004847568683,0.27930052061866584,1.0
4,siena:PN03,siena,2,1,0.6506481895395619,0.1418944243621145,0.9463679345721425,0.981637016348248,0.27930052061866584,1.0
0,siena:PN14,siena,4,4,0.8100768760016122,0.887632557151337,0.809092794978997,0.9073176879996776,0.9103229213315233,1.0
1,siena:PN14,siena,4,4,0.8100768760016122,0.887632557151337,0.7909886796414247,0.9042395721596174,0.9103229213315233,1.0
2,siena:PN14,siena,4,4,0.8100768760016122,0.887632557151337,0.7697041454935458,0.9214971805669155,0.9103229213315233,1.0
3,siena:PN14,siena,4,4,0.8100768760016122,0.887632557151337,0.7857078738684615,0.9040989891563866,0.9103229213315233,1.0
4,siena:PN14,siena,4,4,0.8100768760016122,0.887632557151337,0.8095860892031752,0.9376152475556361,0.9103229213315233,1.0
