seed,subject,dataset,setup,alarm_smoothing,alarm_persistence,auroc,auroc_without_clock,clock_only_auroc,d1_auroc,macro_f1,threshold,events,predicted,false_alarms,far_per_24h,sensitivity,time_in_warning,median_warning_s
0,chbmit:chb01,chbmit,norm=off ctx=5min clock=off tusz=on,1,1,0.4753718335489191,0.4753718335489191,0.8231825223372383,0.5187696916014645,0.3804691891966842,0.991991991991992,10,0,10,3.5432344317086675,0.0,0.0681675213023504,nan
0,chbmit:chb02,chbmit,norm=on ctx=10min clock=on tusz=off,1,1,0.6766694153880783,0.5536098792366202,1.0,0.33971274779074223,0.4194449718010591,0.9099099099099099,2,0,8,5.652138359636929,0.0,0.10777041767482448,nan
0,chbmit:chb03,chbmit,norm=on ctx=10min clock=on tusz=off,36,1,0.5853122217384491,0.5023974421897069,0.5743052344617355,0.4835377608055623,0.4466487000526593,0.8028028028028028,6,1,4,2.768343479653957,0.16666666666666666,0.05785580214198962,605.0
0,chbmit:chb04,chbmit,norm=off ctx=0min clock=on tusz=off,1,1,0.23488529376671996,0.31299214897503913,0.3465516312707213,0.31299214897503913,0.25994528122993904,0.990990990990991,4,1,23,3.5912820327465935,0.25,0.07359786000891663,124.0
0,chbmit:chb05,chbmit,norm=off ctx=2min clock=on tusz=off,6,1,0.6167899982879582,0.5280469958445657,0.8010851836062962,0.5481912602033588,0.46922925905207413,0.8998998998998999,5,2,13,8.642659279778393,0.4,0.19191738085846452,534.5
0,chbmit:chb06,chbmit,norm=off ctx=10min clock=on tusz=on,1,1,0.5157175011747133,0.4766675602283793,0.6752909970043431,0.4474824648377469,0.35745724286579206,0.938938938938939,10,0,6,2.3368193292463038,0.0,0.04395512740314442,nan
0,chbmit:chb07,chbmit,norm=off ctx=5min clock=on tusz=off,36,1,0.8597910054821635,0.34844557264259124,0.949809195582853,0.5453510312436185,0.5328708131906829,0.8848848848848849,3,0,13,4.7759163194149155,0.0,0.09526379145739072,nan
0,chbmit:chb08,chbmit,norm=off ctx=0min clock=on tusz=off,1,6,0.1096339880618652,0.4196290009323763,0.19852105281091342,0.4196290009323763,0.29102980619313557,0.8138138138138138,5,0,7,9.815791609186075,0.0,0.16086409395973153,nan
0,chbmit:chb09,chbmit,norm=off ctx=0min clock=on tusz=off,36,3,0.32398983679071236,0.2789156493364065,0.5931386787843884,0.2789156493364065,0.13229803575421725,0.7577577577577578,4,0,34,12.427184466019419,0.0,0.24964629170169575,nan
0,chbmit:chb10,chbmit,norm=off ctx=5min clock=on tusz=off,36,1,0.6092708196749272,0.6356749304687193,0.7751423672296328,0.6152556000797386,0.3528896182529259,0.5865865865865866,6,0,3,1.5407019942342555,0.0,0.02148230704931736,nan
0,chbmit:chb11,chbmit,norm=off ctx=5min clock=on tusz=off,1,1,0.8697289120056724,0.7112493990121946,0.7490060025933535,0.5175014933636376,0.49915802855585567,0.924924924924925,1,0,2,1.419185282522996,0.0,0.028261306532663316,nan
0,chbmit:chb13,chbmit,norm=off ctx=0min clock=on tusz=off,1,6,0.6979886860029397,0.6724082355133222,0.4559183953377637,0.6724082355133222,0.4139117670107167,0.8258258258258259,5,1,7,5.574964280776144,0.2,0.1078618351345624,1178.0
0,chbmit:chb14,chbmit,norm=off ctx=2min clock=off tusz=off,1,1,0.40643672337151554,0.40643672337151554,0.45741492892852453,0.4580402607738661,0.2692142826524926,0.974974974974975,6,0,0,0.0,0.0,0.0,nan
0,chbmit:chb15,chbmit,norm=off ctx=0min clock=on tusz=off,1,1,0.7311099863254651,0.4230364178870746,0.5573667711598747,0.4230364178870746,0.16184831086862614,0.9359359359359359,9,0,1,0.6908131446390021,0.0,0.037754317276095926,761.5
0,chbmit:chb16,chbmit,norm=off ctx=10min clock=on tusz=on,1,3,0.5287083586299355,0.5254263468757538,0.5654696530773622,0.42831334791292036,0.3219967308838682,0.995995995995996,5,0,0,0.0,0.0,0.0,nan
0,chbmit:chb17,chbmit,norm=on ctx=10min clock=on tusz=on,1,1,0.6101377215269874,0.36999556991602284,0.7111137579529325,0.6505755564292836,0.5183557680172891,0.988988988988989,3,1,5,6.223887047975796,0.3333333333333333,0.10832944936413876,6.0
0,chbmit:chb18,chbmit,norm=off ctx=10min clock=on tusz=on,36,3,0.7573226405217859,0.3901579612744569,0.9269802948400271,0.6539186529933276,0.6168829046046779,0.95995995995996,4,1,2,1.4413813237686117,0.25,0.027555346208195948,1281.0
0,chbmit:chb19,chbmit,norm=off ctx=5min clock=off tusz=off,1,1,0.5385577076384875,0.5385577076384875,0.8403400478609393,0.5179392669643366,0.5355358860419465,0.948948948948949,2,0,0,0.0,0.0,0.0,nan
0,chbmit:chb20,chbmit,norm=on ctx=10min clock=on tusz=off,1,1,0.4024587789727627,0.38973937326447783,0.5493426839083083,0.827292071304954,0.4277286918360444,0.9099099099099099,5,0,3,2.8980322003577816,0.0,0.05272496831432193,nan
0,chbmit:chb22,chbmit,norm=on ctx=10min clock=on tusz=on,1,3,0.5156726912170178,0.6391944704392382,0.34444056996420713,0.649141418224185,0.4168552917274934,0.994994994994995,2,0,2,1.6144251880226095,0.0,0.03730770965850137,1008.0
0,chbmit:chb23,chbmit,norm=off ctx=10min clock=on tusz=on,36,1,0.8025049086947306,0.5516908391429162,0.9259446964812597,0.7274033758694418,0.44884791756822123,0.9669669669669669,5,1,4,4.013937282229965,0.2,0.0927916120576671,1724.0
0,siena:PN01,siena,norm=on ctx=10min clock=on tusz=off,1,1,0.8564598702133521,0.821924071749977,0.802197802197802,0.9432996495148306,0.611077073778699,0.8968968968968969,2,0,3,5.784423119839321,0.0,0.0795384298372141,nan
0,siena:PN03,siena,norm=off ctx=2min clock=off tusz=off,1,6,0.6130350163059112,0.6130350163059112,1.0,0.6566349617660939,0.1442420919745324,0.938938938938939,2,2,42,43.544729105417886,1.0,0.8911833878276831,1124.5
0,siena:PN07,siena,norm=on ctx=10min clock=on tusz=off,1,6,0.8223348678614324,0.3178900907939266,1.0,0.41914156478057224,0.39263513113492393,0.8298298298298298,1,0,2,5.845737483085251,0.0,0.11457670273711013,nan
0,siena:PN14,siena,norm=on ctx=5min clock=on tusz=off,1,1,0.8400601715313234,0.729638992543083,0.7910053958130336,0.7602046794916479,0.6076489589907442,0.9459459459459459,4,1,6,7.829632985953784,0.25,0.1328756881669272,1432.0
