seed,subject,channels,auroc
0,chbmit:chb01,all,0.5187696916014645
0,chbmit:chb01,random_half,0.5479441760244206
0,chbmit:chb01,cyton,0.5196842028257812
0,chbmit:chb02,all,0.33971274779074223
0,chbmit:chb02,random_half,0.3451878978341374
0,chbmit:chb02,cyton,0.4902184476000633
0,chbmit:chb03,all,0.4835377608055623
0,chbmit:chb03,random_half,0.4147416887600722
0,chbmit:chb03,cyton,0.5992576798474789
0,chbmit:chb04,all,0.31299214897503913
0,chbmit:chb04,random_half,0.3250811082227396
0,chbmit:chb04,cyton,0.4076735053037623
0,chbmit:chb05,all,0.5481912602033588
0,chbmit:chb05,random_half,0.6067435223002804
0,chbmit:chb05,cyton,0.5453070698636291
0,chbmit:chb06,all,0.4474824648377469
0,chbmit:chb06,random_half,0.4647072004061334
0,chbmit:chb06,cyton,0.4417815505798698
0,chbmit:chb07,all,0.5453510312436185
0,chbmit:chb07,random_half,0.5752238890372441
0,chbmit:chb07,cyton,0.6142407062408696
0,chbmit:chb08,all,0.4196290009323763
0,chbmit:chb08,random_half,0.3921076352642714
0,chbmit:chb08,cyton,0.5613804126617332
0,chbmit:chb09,all,0.2789156493364065
0,chbmit:chb09,random_half,0.31958707733449376
0,chbmit:chb09,cyton,0.32500509253574283
0,chbmit:chb10,all,0.6152556000797386
0,chbmit:chb10,random_half,0.5852052412034534
0,chbmit:chb10,cyton,0.6724089537314498
0,chbmit:chb11,all,0.5175014933636376
0,chbmit:chb11,random_half,0.5646313212990077
0,chbmit:chb11,cyton,0.7009240642801987
0,chbmit:chb13,all,0.6724082355133222
0,chbmit:chb13,random_half,0.6634786141647516
0,chbmit:chb13,cyton,0.7697307103078485
0,chbmit:chb14,all,0.4580402607738661
0,chbmit:chb14,random_half,0.5226707630593905
0,chbmit:chb14,cyton,0.5317383507797054
0,chbmit:chb15,all,0.4230364178870746
0,chbmit:chb15,random_half,0.4342939997035786
0,chbmit:chb15,cyton,0.5128431567202368
0,chbmit:chb16,all,0.42831334791292036
0,chbmit:chb16,random_half,0.48067120984572825
0,chbmit:chb16,cyton,0.6521770798900071
0,chbmit:chb17,all,0.6505755564292836
0,chbmit:chb17,random_half,0.7539215966290038
0,chbmit:chb17,cyton,0.6838202273137466
0,chbmit:chb18,all,0.6539186529933276
0,chbmit:chb18,random_half,0.7075871517719116
0,chbmit:chb18,cyton,0.5766400500441023
0,chbmit:chb19,all,0.5179392669643366
0,chbmit:chb19,random_half,0.4656676038291637
0,chbmit:chb19,cyton,0.48719983204662864
0,chbmit:chb20,all,0.827292071304954
0,chbmit:chb20,random_half,0.7926670614679865
0,chbmit:chb20,cyton,0.28192558887890307
0,chbmit:chb22,all,0.649141418224185
0,chbmit:chb22,random_half,0.6440165998261737
0,chbmit:chb22,cyton,0.6847528774295617
0,chbmit:chb23,all,0.7274033758694418
0,chbmit:chb23,random_half,0.7077871098651904
0,chbmit:chb23,cyton,0.5974008417059022
0,siena:PN01,all,0.9432996495148306
0,siena:PN01,random_half,0.9510602559000889
0,siena:PN01,cyton,0.7694431265113717
0,siena:PN03,all,0.6566349617660939
0,siena:PN03,random_half,0.6756663072185565
0,siena:PN03,cyton,0.7000470374793141
0,siena:PN07,all,0.41914156478057224
0,siena:PN07,random_half,0.40224958655359105
0,siena:PN07,cyton,0.26212137253255546
0,siena:PN14,all,0.7602046794916479
0,siena:PN14,random_half,0.7541664639830858
0,siena:PN14,cyton,0.7130669143334653
1,chbmit:chb01,all,0.48162430668936695
1,chbmit:chb01,random_half,0.5091451538085532
1,chbmit:chb01,cyton,0.5952579818010115
1,chbmit:chb02,all,0.4058920033850396
1,chbmit:chb02,random_half,0.41342696300913573
1,chbmit:chb02,cyton,0.47239446821619524
1,chbmit:chb03,all,0.5576006865725612
1,chbmit:chb03,random_half,0.5319527548781727
1,chbmit:chb03,cyton,0.47346027275971037
1,chbmit:chb04,all,0.3216821108908487
1,chbmit:chb04,random_half,0.32206194399006516
1,chbmit:chb04,cyton,0.4479300041847394
1,chbmit:chb05,all,0.6019540950186969
1,chbmit:chb05,random_half,0.6614918263717089
1,chbmit:chb05,cyton,0.6045551713190165
1,chbmit:chb06,all,0.40260150502810743
1,chbmit:chb06,random_half,0.4013180871693912
1,chbmit:chb06,cyton,0.423798455403932
1,chbmit:chb07,all,0.5635523161747381
1,chbmit:chb07,random_half,0.65301586842808
1,chbmit:chb07,cyton,0.6572012629396333
1,chbmit:chb08,all,0.3228810120465507
1,chbmit:chb08,random_half,0.44407910021032676
1,chbmit:chb08,cyton,0.5630337545031301
1,chbmit:chb09,all,0.37098907456597346
1,chbmit:chb09,random_half,0.39716574554204653
1,chbmit:chb09,cyton,0.4241765511329286
1,chbmit:chb10,all,0.5743712069606969
1,chbmit:chb10,random_half,0.5777420216253211
1,chbmit:chb10,cyton,0.658151176834917
1,chbmit:chb11,all,0.531475491838707
1,chbmit:chb11,random_half,0.5213665127166591
1,chbmit:chb11,cyton,0.6845230463646915
1,chbmit:chb13,all,0.6345488893029418
1,chbmit:chb13,random_half,0.7859946069602304
1,chbmit:chb13,cyton,0.7487498188518312
1,chbmit:chb14,all,0.4509894096492071
1,chbmit:chb14,random_half,0.49112806994885855
1,chbmit:chb14,cyton,0.5055897657516842
1,chbmit:chb15,all,0.5267872673022017
1,chbmit:chb15,random_half,0.5010576092215022
1,chbmit:chb15,cyton,0.5062318406930668
1,chbmit:chb16,all,0.4323919671712313
1,chbmit:chb16,random_half,0.4469261122470066
1,chbmit:chb16,cyton,0.5912423965425364
1,chbmit:chb17,all,0.6457365961600672
1,chbmit:chb17,random_half,0.779587522112439
1,chbmit:chb17,cyton,0.7546637926826032
1,chbmit:chb18,all,0.6031846541634003
1,chbmit:chb18,random_half,0.7348811725123399
1,chbmit:chb18,cyton,0.5160215748894347
1,chbmit:chb19,all,0.5031863524899737
1,chbmit:chb19,random_half,0.40264887284385886
1,chbmit:chb19,cyton,0.4286830882931162
1,chbmit:chb20,all,0.7230508420774882
1,chbmit:chb20,random_half,0.6056422531317928
1,chbmit:chb20,cyton,0.3991370251555233
1,chbmit:chb22,all,0.624823421895274
1,chbmit:chb22,random_half,0.6174039444796877
1,chbmit:chb22,cyton,0.6119383012238637
1,chbmit:chb23,all,0.8348092859024238
1,chbmit:chb23,random_half,0.8139211159010671
1,chbmit:chb23,cyton,0.615902618946054
1,siena:PN01,all,0.9942376564939239
1,siena:PN01,random_half,0.9950182129847868
1,siena:PN01,cyton,0.9791038522758578
1,siena:PN03,all,0.48693223489975507
1,siena:PN03,random_half,0.5834345578227904
1,siena:PN03,cyton,0.5616141170962403
1,siena:PN07,all,0.5161362748569822
1,siena:PN07,random_half,0.5177973619746127
1,siena:PN07,cyton,0.38406707141214314
1,siena:PN14,all,0.741676140556926
1,siena:PN14,random_half,0.7295415372626033
1,siena:PN14,cyton,0.7041561918956323
2,chbmit:chb01,all,0.4656290941904892
2,chbmit:chb01,random_half,0.5059918581722536
2,chbmit:chb01,cyton,0.5711192789403154
2,chbmit:chb02,all,0.31413910550400803
2,chbmit:chb02,random_half,0.3764627923402296
2,chbmit:chb02,cyton,0.5218071003586324
2,chbmit:chb03,all,0.4530267510770738
2,chbmit:chb03,random_half,0.45841861848360155
2,chbmit:chb03,cyton,0.505403469465197
2,chbmit:chb04,all,0.4042394625062908
2,chbmit:chb04,random_half,0.3605572074403933
2,chbmit:chb04,cyton,0.48269512105269763
2,chbmit:chb05,all,0.6042457766514754
2,chbmit:chb05,random_half,0.6435063201381231
2,chbmit:chb05,cyton,0.6142896462958677
2,chbmit:chb06,all,0.4564390716692361
2,chbmit:chb06,random_half,0.43249729919315255
2,chbmit:chb06,cyton,0.4022546856674942
2,chbmit:chb07,all,0.5675747474906143
2,chbmit:chb07,random_half,0.5702013100642465
2,chbmit:chb07,cyton,0.604525571385935
2,chbmit:chb08,all,0.45770077842586365
2,chbmit:chb08,random_half,0.5692661175661569
2,chbmit:chb08,cyton,0.4586943323286797
2,chbmit:chb09,all,0.38299235884260885
2,chbmit:chb09,random_half,0.411936492867777
2,chbmit:chb09,cyton,0.4502205528758405
2,chbmit:chb10,all,0.659326999030986
2,chbmit:chb10,random_half,0.6202869038139067
2,chbmit:chb10,cyton,0.6516430596108805
2,chbmit:chb11,all,0.6301449412610303
2,chbmit:chb11,random_half,0.7031325427004871
2,chbmit:chb11,cyton,0.6824619617213262
2,chbmit:chb13,all,0.5264056580336625
2,chbmit:chb13,random_half,0.5405532782642899
2,chbmit:chb13,cyton,0.761731724737594
2,chbmit:chb14,all,0.5305580576188379
2,chbmit:chb14,random_half,0.5545186710953187
2,chbmit:chb14,cyton,0.5925553222749496
2,chbmit:chb15,all,0.5398390375812012
2,chbmit:chb15,random_half,0.5339981375786845
2,chbmit:chb15,cyton,0.5098204972608984
2,chbmit:chb16,all,0.4972001527633378
2,chbmit:chb16,random_half,0.5335863761000447
2,chbmit:chb16,cyton,0.6415136463511986
2,chbmit:chb17,all,0.7041147519365666
2,chbmit:chb17,random_half,0.7633177500521097
2,chbmit:chb17,cyton,0.7546531580502849
2,chbmit:chb18,all,0.5196405938287878
2,chbmit:chb18,random_half,0.5607465024891666
2,chbmit:chb18,cyton,0.5694007967160178
2,chbmit:chb19,all,0.5529512682716025
2,chbmit:chb19,random_half,0.4583214474579377
2,chbmit:chb19,cyton,0.4791120259086833
2,chbmit:chb20,all,0.5626491251215981
2,chbmit:chb20,random_half,0.451169623708712
2,chbmit:chb20,cyton,0.32901779780220647
2,chbmit:chb22,all,0.6824117474849751
2,chbmit:chb22,random_half,0.6748557117679002
2,chbmit:chb22,cyton,0.7262670577988719
2,chbmit:chb23,all,0.8117531090617076
2,chbmit:chb23,random_half,0.7889398172741712
2,chbmit:chb23,cyton,0.596999377433839
2,siena:PN01,all,0.9753942958156049
2,siena:PN01,random_half,0.9814196945116165
2,siena:PN01,cyton,0.6993403532400748
2,siena:PN03,all,0.641539697640219
2,siena:PN03,random_half,0.8056771529219271
2,siena:PN03,cyton,0.6972773984756245
2,siena:PN07,all,0.4268190729308513
2,siena:PN07,random_half,0.44307764760858215
2,siena:PN07,cyton,0.3085606223783117
2,siena:PN14,all,0.7392574776868363
2,siena:PN14,random_half,0.7469034545807409
2,siena:PN14,cyton,0.6799154027987218
3,chbmit:chb01,all,0.5083605136317839
3,chbmit:chb01,random_half,0.5052005987078152
3,chbmit:chb01,cyton,0.5331454543262916
3,chbmit:chb02,all,0.2854431032704013
3,chbmit:chb02,random_half,0.324888554136465
3,chbmit:chb02,cyton,0.5328890649224911
3,chbmit:chb03,all,0.48568660634541955
3,chbmit:chb03,random_half,0.5151632895378262
3,chbmit:chb03,cyton,0.5164634414803102
3,chbmit:chb04,all,0.437014373729949
3,chbmit:chb04,random_half,0.4560117332428931
3,chbmit:chb04,cyton,0.539387462907651
3,chbmit:chb05,all,0.5351871275745853
3,chbmit:chb05,random_half,0.5375909362674677
3,chbmit:chb05,cyton,0.5772945038138676
3,chbmit:chb06,all,0.41354373792046445
3,chbmit:chb06,random_half,0.416591648199672
3,chbmit:chb06,cyton,0.4381193521320916
3,chbmit:chb07,all,0.5073224988611551
3,chbmit:chb07,random_half,0.525303391401329
3,chbmit:chb07,cyton,0.590617451815083
3,chbmit:chb08,all,0.3061106275419647
3,chbmit:chb08,random_half,0.3501522468412266
3,chbmit:chb08,cyton,0.6129205373709463
3,chbmit:chb09,all,0.32340807492255075
3,chbmit:chb09,random_half,0.3557813824872144
3,chbmit:chb09,cyton,0.3222212527853358
3,chbmit:chb10,all,0.6207472387366787
3,chbmit:chb10,random_half,0.5977539184301335
3,chbmit:chb10,cyton,0.6723070953354078
3,chbmit:chb11,all,0.5567067810850319
3,chbmit:chb11,random_half,0.5931358693804606
3,chbmit:chb11,cyton,0.6752692911014953
3,chbmit:chb13,all,0.7313654948967974
3,chbmit:chb13,random_half,0.8291002629236278
3,chbmit:chb13,cyton,0.7798483531043621
3,chbmit:chb14,all,0.48993039112768355
3,chbmit:chb14,random_half,0.5492836556027636
3,chbmit:chb14,cyton,0.5367724653087086
3,chbmit:chb15,all,0.4712991367425524
3,chbmit:chb15,random_half,0.4756892496902955
3,chbmit:chb15,cyton,0.4850625980497708
3,chbmit:chb16,all,0.3392807034704264
3,chbmit:chb16,random_half,0.3756994385514776
3,chbmit:chb16,cyton,0.647190503891572
3,chbmit:chb17,all,0.6609178882820733
3,chbmit:chb17,random_half,0.7686105559157826
3,chbmit:chb17,cyton,0.7128579389353334
3,chbmit:chb18,all,0.5226000657373955
3,chbmit:chb18,random_half,0.5707248630704196
3,chbmit:chb18,cyton,0.5536386281893207
3,chbmit:chb19,all,0.5608954338759352
3,chbmit:chb19,random_half,0.44621055206013427
3,chbmit:chb19,cyton,0.4921351216615841
3,chbmit:chb20,all,0.7631509923268346
3,chbmit:chb20,random_half,0.6300094550617563
3,chbmit:chb20,cyton,0.34217300597227923
3,chbmit:chb22,all,0.6625888713661905
3,chbmit:chb22,random_half,0.6701968586110056
3,chbmit:chb22,cyton,0.6953724547747678
3,chbmit:chb23,all,0.764383096353199
3,chbmit:chb23,random_half,0.7449755718163766
3,chbmit:chb23,cyton,0.615179839143803
3,siena:PN01,all,0.9442322997336926
3,siena:PN01,random_half,0.9112317870152131
3,siena:PN01,cyton,0.6346182543083657
3,siena:PN03,all,0.6238903699866639
3,siena:PN03,random_half,0.7049220005902254
3,siena:PN03,cyton,0.7444034427325694
3,siena:PN07,all,0.370216160369747
3,siena:PN07,random_half,0.5707531843587655
3,siena:PN07,cyton,0.3428100482993023
3,siena:PN14,all,0.7523056197595848
3,siena:PN14,random_half,0.7496987327971788
3,siena:PN14,cyton,0.7280639948540938
4,chbmit:chb01,all,0.44419021899970407
4,chbmit:chb01,random_half,0.4768176543156508
4,chbmit:chb01,cyton,0.5353912009403753
4,chbmit:chb02,all,0.5127477185973008
4,chbmit:chb02,random_half,0.5794802535749611
4,chbmit:chb02,cyton,0.5756719397387922
4,chbmit:chb03,all,0.4862277071251813
4,chbmit:chb03,random_half,0.48167965203538465
4,chbmit:chb03,cyton,0.530993042203336
4,chbmit:chb04,all,0.3591233907833773
4,chbmit:chb04,random_half,0.3711977208572897
4,chbmit:chb04,cyton,0.4782662343897183
4,chbmit:chb05,all,0.5795075064587087
4,chbmit:chb05,random_half,0.5602276249908574
4,chbmit:chb05,cyton,0.6142359447644183
4,chbmit:chb06,all,0.4296290955056497
4,chbmit:chb06,random_half,0.41985860893052274
4,chbmit:chb06,cyton,0.4162502261916857
4,chbmit:chb07,all,0.5428992193022416
4,chbmit:chb07,random_half,0.5467719828466409
4,chbmit:chb07,cyton,0.656072433672107
4,chbmit:chb08,all,0.4672266603888722
4,chbmit:chb08,random_half,0.6224448705359771
4,chbmit:chb08,cyton,0.4747089034200557
4,chbmit:chb09,all,0.36247231220431675
4,chbmit:chb09,random_half,0.368957844974515
4,chbmit:chb09,cyton,0.42735155667228303
4,chbmit:chb10,all,0.7056134849642935
4,chbmit:chb10,random_half,0.6728168670254897
4,chbmit:chb10,cyton,0.6382344757890428
4,chbmit:chb11,all,0.5902001350097859
4,chbmit:chb11,random_half,0.5819069889418245
4,chbmit:chb11,cyton,0.6345450218783842
4,chbmit:chb13,all,0.5782956027575927
4,chbmit:chb13,random_half,0.6660337349647021
4,chbmit:chb13,cyton,0.7908445127631825
4,chbmit:chb14,all,0.44200392088034357
4,chbmit:chb14,random_half,0.5023713488733541
4,chbmit:chb14,cyton,0.4765897944518219
4,chbmit:chb15,all,0.5562811976543558
4,chbmit:chb15,random_half,0.4983587761710743
4,chbmit:chb15,cyton,0.4642118686014223
4,chbmit:chb16,all,0.4339613216289193
4,chbmit:chb16,random_half,0.49802271384878904
4,chbmit:chb16,cyton,0.5626841082175039
4,chbmit:chb17,all,0.6697459497749609
4,chbmit:chb17,random_half,0.7603617273964942
4,chbmit:chb17,cyton,0.6900983065411497
4,chbmit:chb18,all,0.5007490483031369
4,chbmit:chb18,random_half,0.5566117646954828
4,chbmit:chb18,cyton,0.5555879143374851
4,chbmit:chb19,all,0.5249974208191478
4,chbmit:chb19,random_half,0.45472942408875555
4,chbmit:chb19,cyton,0.47877287264473894
4,chbmit:chb20,all,0.738300952350721
4,chbmit:chb20,random_half,0.6175857783570843
4,chbmit:chb20,cyton,0.28246062898397184
4,chbmit:chb22,all,0.6269633681214464
4,chbmit:chb22,random_half,0.6338271354589844
4,chbmit:chb22,cyton,0.6524031749120022
4,chbmit:chb23,all,0.7735968205670318
4,chbmit:chb23,random_half,0.7492041107990396
4,chbmit:chb23,cyton,0.6372335470041885
4,siena:PN01,all,0.9913488322262696
4,siena:PN01,random_half,0.9946575882334935
4,siena:PN01,cyton,0.9848250635158712
4,siena:PN03,all,0.5509814987990034
4,siena:PN03,random_half,0.6510317115416464
4,siena:PN03,cyton,0.6640267880156847
4,siena:PN07,all,0.45933257154539514
4,siena:PN07,random_half,0.41048018195292735
4,siena:PN07,cyton,0.3097014789151458
4,siena:PN14,all,0.7636495481368071
4,siena:PN14,random_half,0.7737073342704419
4,siena:PN14,cyton,0.7477496271875828
