dataset,label,n_recordings
chbmit,-,292
chbmit,.,64
chbmit,01,2
chbmit,C2,2
chbmit,C2-CS2,1
chbmit,C3,2
chbmit,C3-CS2,1
chbmit,C3-P3,683
chbmit,C4,2
chbmit,C4-CS2,1
chbmit,C4-P4,683
chbmit,C6,2
chbmit,C6-CS2,1
chbmit,CP1-Ref,40
chbmit,CP2,2
chbmit,CP2-CS2,1
chbmit,CP2-Ref,40
chbmit,CP4,2
chbmit,CP4-CS2,1
chbmit,CP5-Ref,40
chbmit,CP6,2
chbmit,CP6-CS2,1
chbmit,CP6-Ref,40
chbmit,CZ,2
chbmit,CZ-CS2,1
chbmit,CZ-PZ,683
chbmit,ECG,36
chbmit,EKG1-CHIN,2
chbmit,EKG1-EKG2,1
chbmit,F3,2
chbmit,F3-C3,683
chbmit,F3-CS2,1
chbmit,F4,2
chbmit,F4-C4,683
chbmit,F4-CS2,1
chbmit,F7,2
chbmit,F7-CS2,1
chbmit,F7-T7,683
chbmit,F8,2
chbmit,F8-CS2,1
chbmit,F8-T8,683
chbmit,FC1-Ref,40
chbmit,FC2-Ref,40
chbmit,FC5-Ref,40
chbmit,FC6-Ref,40
chbmit,FP1,2
chbmit,FP1-CS2,1
chbmit,FP1-F3,683
chbmit,FP1-F7,683
chbmit,FP2,2
chbmit,FP2-CS2,1
chbmit,FP2-F4,683
chbmit,FP2-F8,683
chbmit,FT10-T8,655
chbmit,FT9-FT10,655
chbmit,FZ,2
chbmit,FZ-CS2,1
chbmit,FZ-CZ,683
chbmit,LOC-ROC,11
chbmit,LUE-RAE,1
chbmit,O1-CS2,1
chbmit,O2,2
chbmit,O2-CS2,1
chbmit,P3,2
chbmit,P3-CS2,1
chbmit,P3-O1,683
chbmit,P4,2
chbmit,P4-CS2,1
chbmit,P4-O2,683
chbmit,P7,2
chbmit,P7-CS2,1
chbmit,P7-O1,683
chbmit,P7-T7,655
chbmit,P8,2
chbmit,P8-CS2,1
chbmit,P8-O2,683
chbmit,PZ,2
chbmit,PZ-CS2,1
chbmit,PZ-OZ,39
chbmit,T7,2
chbmit,T7-CS2,1
chbmit,T7-FT9,655
chbmit,T7-P7,683
chbmit,T8,2
chbmit,T8-CS2,1
chbmit,T8-P8,683
chbmit,VNS,18
mental_arith,ECG ECG,72
mental_arith,EEG A2-A1,72
mental_arith,EEG C3,72
mental_arith,EEG C4,72
mental_arith,EEG Cz,72
mental_arith,EEG F3,72
mental_arith,EEG F4,72
mental_arith,EEG F7,72
mental_arith,EEG F8,72
mental_arith,EEG Fp1,72
mental_arith,EEG Fp2,72
mental_arith,EEG Fz,72
mental_arith,EEG O1,72
mental_arith,EEG O2,72
mental_arith,EEG P3,72
mental_arith,EEG P4,72
mental_arith,EEG Pz,72
mental_arith,EEG T3,72
mental_arith,EEG T4,72
mental_arith,EEG T5,72
mental_arith,EEG T6,72
siena,1,41
siena,2,41
siena,23,8
siena,3,8
siena,31,8
siena,33,8
siena,61,25
siena,62,25
siena,63,25
siena,64,25
siena,A,8
siena,B,25
siena,C,25
siena,D,25
siena,EEG C3,41
siena,EEG C4,41
siena,EEG CZ,8
siena,EEG Cp1,41
siena,EEG Cp2,41
siena,EEG Cp5,41
siena,EEG Cp6,41
siena,EEG Cz,33
siena,EEG F10,41
siena,EEG F3,41
siena,EEG F4,41
siena,EEG F7,41
siena,EEG F8,41
siena,EEG F9,41
siena,EEG FP2,35
siena,EEG Fc1,41
siena,EEG Fc2,41
siena,EEG Fc5,41
siena,EEG Fc6,41
siena,EEG Fp1,41
siena,EEG Fp2,6
siena,EEG Fz,41
siena,EEG O1,41
siena,EEG O2,41
siena,EEG P10,33
siena,EEG P3,41
siena,EEG P4,41
siena,EEG P9,33
siena,EEG Pz,41
siena,EEG T3,41
siena,EEG T4,41
siena,EEG T5,41
siena,EEG T6,41
siena,EKG EKG,33
siena,HR,41
siena,MK,41
siena,PLET,25
siena,SPO2,41
tuar,BURSTS,288
tuar,DC1-DC,12
tuar,DC2-DC,12
tuar,DC3-DC,12
tuar,DC4-DC,12
tuar,DC5-DC,12
tuar,DC6-DC,12
tuar,DC7-DC,12
tuar,DC8-DC,12
tuar,EEG 100-REF,3
tuar,EEG 101-REF,3
tuar,EEG 102-REF,3
tuar,EEG 103-REF,3
tuar,EEG 104-REF,3
tuar,EEG 105-REF,3
tuar,EEG 106-REF,3
tuar,EEG 107-REF,3
tuar,EEG 108-REF,3
tuar,EEG 109-REF,3
tuar,EEG 110-REF,3
tuar,EEG 111-REF,3
tuar,EEG 112-REF,3
tuar,EEG 113-REF,3
tuar,EEG 114-REF,3
tuar,EEG 115-REF,3
tuar,EEG 116-REF,3
tuar,EEG 117-REF,3
tuar,EEG 118-REF,3
tuar,EEG 119-REF,3
tuar,EEG 120-REF,3
tuar,EEG 121-REF,3
tuar,EEG 122-REF,3
tuar,EEG 123-REF,3
tuar,EEG 124-REF,3
tuar,EEG 125-REF,3
tuar,EEG 126-REF,3
tuar,EEG 127-REF,3
tuar,EEG 128-REF,3
tuar,EEG 20-REF,2
tuar,EEG 21-REF,5
tuar,EEG 22-REF,5
tuar,EEG 23-REF,2
tuar,EEG 24-REF,2
tuar,EEG 25-REF,5
tuar,EEG 26-LE,12
tuar,EEG 26-REF,123
tuar,EEG 27-LE,12
tuar,EEG 27-REF,119
tuar,EEG 28-LE,12
tuar,EEG 28-REF,119
tuar,EEG 29-LE,12
tuar,EEG 29-REF,121
tuar,EEG 30-LE,13
tuar,EEG 30-REF,121
tuar,EEG 31-LE,12
tuar,EEG 31-REF,79
tuar,EEG 32-LE,12
tuar,EEG 32-REF,79
tuar,EEG 33-REF,3
tuar,EEG 34-REF,3
tuar,EEG 35-REF,3
tuar,EEG 36-REF,3
tuar,EEG 37-REF,3
tuar,EEG 38-REF,3
tuar,EEG 39-REF,3
tuar,EEG 40-REF,3
tuar,EEG 41-REF,3
tuar,EEG 42-REF,3
tuar,EEG 43-REF,3
tuar,EEG 44-REF,3
tuar,EEG 45-REF,3
tuar,EEG 46-REF,3
tuar,EEG 47-REF,3
tuar,EEG 48-REF,3
tuar,EEG 49-REF,3
tuar,EEG 50-REF,3
tuar,EEG 51-REF,3
tuar,EEG 52-REF,3
tuar,EEG 53-REF,3
tuar,EEG 54-REF,3
tuar,EEG 55-REF,3
tuar,EEG 56-REF,3
tuar,EEG 57-REF,3
tuar,EEG 58-REF,3
tuar,EEG 59-REF,3
tuar,EEG 60-REF,3
tuar,EEG 61-REF,3
tuar,EEG 62-REF,3
tuar,EEG 63-REF,3
tuar,EEG 64-REF,3
tuar,EEG 65-REF,3
tuar,EEG 66-REF,3
tuar,EEG 67-REF,3
tuar,EEG 68-REF,3
tuar,EEG 69-REF,3
tuar,EEG 70-REF,3
tuar,EEG 71-REF,3
tuar,EEG 72-REF,3
tuar,EEG 73-REF,3
tuar,EEG 74-REF,3
tuar,EEG 75-REF,3
tuar,EEG 76-REF,3
tuar,EEG 77-REF,3
tuar,EEG 78-REF,3
tuar,EEG 79-REF,3
tuar,EEG 80-REF,3
tuar,EEG 81-REF,3
tuar,EEG 82-REF,3
tuar,EEG 83-REF,3
tuar,EEG 84-REF,3
tuar,EEG 85-REF,3
tuar,EEG 86-REF,3
tuar,EEG 87-REF,3
tuar,EEG 88-REF,3
tuar,EEG 89-REF,3
tuar,EEG 90-REF,3
tuar,EEG 91-REF,3
tuar,EEG 92-REF,3
tuar,EEG 93-REF,3
tuar,EEG 94-REF,3
tuar,EEG 95-REF,3
tuar,EEG 96-REF,3
tuar,EEG 97-REF,3
tuar,EEG 98-REF,3
tuar,EEG 99-REF,3
tuar,EEG A1-LE,13
tuar,EEG A1-REF,290
tuar,EEG A2-LE,13
tuar,EEG A2-REF,290
tuar,EEG C3-LE,13
tuar,EEG C3-REF,297
tuar,EEG C3P-REF,55
tuar,EEG C4-LE,13
tuar,EEG C4-REF,297
tuar,EEG C4P-REF,55
tuar,EEG CZ-LE,13
tuar,EEG CZ-REF,297
tuar,EEG EKG-LE,13
tuar,EEG EKG-REF,7
tuar,EEG EKG1-REF,288
tuar,EEG F3-LE,13
tuar,EEG F3-REF,297
tuar,EEG F4-LE,13
tuar,EEG F4-REF,297
tuar,EEG F7-LE,13
tuar,EEG F7-REF,297
tuar,EEG F8-LE,13
tuar,EEG F8-REF,297
tuar,EEG FP1-LE,13
tuar,EEG FP1-REF,297
tuar,EEG FP2-LE,13
tuar,EEG FP2-REF,297
tuar,EEG FZ-LE,13
tuar,EEG FZ-REF,297
tuar,EEG LOC-REF,203
tuar,EEG LUC-LE,1
tuar,EEG LUC-REF,4
tuar,EEG O1-LE,13
tuar,EEG O1-REF,297
tuar,EEG O2-LE,13
tuar,EEG O2-REF,297
tuar,EEG OZ-LE,13
tuar,EEG P3-LE,13
tuar,EEG P3-REF,297
tuar,EEG P4-LE,13
tuar,EEG P4-REF,297
tuar,EEG PG1-LE,13
tuar,EEG PG2-LE,13
tuar,EEG PZ-LE,13
tuar,EEG PZ-REF,297
tuar,EEG RESP1-REF,4
tuar,EEG RESP2-REF,4
tuar,EEG RLC-LE,1
tuar,EEG RLC-REF,4
tuar,EEG ROC-REF,203
tuar,EEG SP1-LE,1
tuar,EEG SP1-REF,63
tuar,EEG SP2-LE,1
tuar,EEG SP2-REF,63
tuar,EEG T1-LE,1
tuar,EEG T1-REF,295
tuar,EEG T2-LE,1
tuar,EEG T2-REF,295
tuar,EEG T3-LE,13
tuar,EEG T3-REF,297
tuar,EEG T4-LE,13
tuar,EEG T4-REF,297
tuar,EEG T5-LE,13
tuar,EEG T5-REF,297
tuar,EEG T6-LE,13
tuar,EEG T6-REF,297
tuar,EMG-REF,148
tuar,IBI,288
tuar,PHOTIC PH,13
tuar,PHOTIC-REF,211
tuar,SUPPR,288
tusz,BURSTS,6287
tusz,DC1-DC,334
tusz,DC2-DC,334
tusz,DC3-DC,334
tusz,DC4-DC,334
tusz,DC5-DC,334
tusz,DC6-DC,334
tusz,DC7-DC,334
tusz,DC8-DC,334
tusz,ECG EKG-REF,15
tusz,EEG 100-REF,75
tusz,EEG 101-REF,75
tusz,EEG 102-REF,75
tusz,EEG 103-REF,75
tusz,EEG 104-REF,75
tusz,EEG 105-REF,75
tusz,EEG 106-REF,75
tusz,EEG 107-REF,75
tusz,EEG 108-REF,75
tusz,EEG 109-REF,75
tusz,EEG 110-REF,75
tusz,EEG 111-REF,75
tusz,EEG 112-REF,75
tusz,EEG 113-REF,75
tusz,EEG 114-REF,75
tusz,EEG 115-REF,75
tusz,EEG 116-REF,75
tusz,EEG 117-REF,75
tusz,EEG 118-REF,75
tusz,EEG 119-REF,75
tusz,EEG 120-REF,75
tusz,EEG 121-REF,75
tusz,EEG 122-REF,75
tusz,EEG 123-REF,75
tusz,EEG 124-REF,75
tusz,EEG 125-REF,75
tusz,EEG 126-REF,75
tusz,EEG 127-REF,75
tusz,EEG 128-REF,75
tusz,EEG 20-REF,536
tusz,EEG 21-REF,542
tusz,EEG 22-REF,542
tusz,EEG 23-LE,15
tusz,EEG 23-REF,536
tusz,EEG 24-LE,15
tusz,EEG 24-REF,536
tusz,EEG 25-REF,543
tusz,EEG 26-LE,373
tusz,EEG 26-REF,843
tusz,EEG 27-LE,373
tusz,EEG 27-REF,833
tusz,EEG 28-LE,498
tusz,EEG 28-REF,833
tusz,EEG 29-LE,498
tusz,EEG 29-REF,1651
tusz,EEG 30-LE,573
tusz,EEG 30-REF,1651
tusz,EEG 31-LE,358
tusz,EEG 31-REF,3864
tusz,EEG 32-LE,358
tusz,EEG 32-REF,3864
tusz,EEG 33-REF,75
tusz,EEG 34-REF,75
tusz,EEG 35-REF,75
tusz,EEG 36-REF,75
tusz,EEG 37-REF,75
tusz,EEG 38-REF,75
tusz,EEG 39-REF,75
tusz,EEG 40-REF,75
tusz,EEG 41-REF,75
tusz,EEG 42-REF,75
tusz,EEG 43-REF,75
tusz,EEG 44-REF,75
tusz,EEG 45-REF,75
tusz,EEG 46-REF,75
tusz,EEG 47-REF,75
tusz,EEG 48-REF,75
tusz,EEG 49-REF,75
tusz,EEG 50-REF,75
tusz,EEG 51-REF,75
tusz,EEG 52-REF,75
tusz,EEG 53-REF,75
tusz,EEG 54-REF,75
tusz,EEG 55-REF,75
tusz,EEG 56-REF,75
tusz,EEG 57-REF,75
tusz,EEG 58-REF,75
tusz,EEG 59-REF,75
tusz,EEG 60-REF,75
tusz,EEG 61-REF,75
tusz,EEG 62-REF,75
tusz,EEG 63-REF,75
tusz,EEG 64-REF,75
tusz,EEG 65-REF,75
tusz,EEG 66-REF,75
tusz,EEG 67-REF,75
tusz,EEG 68-REF,75
tusz,EEG 69-REF,75
tusz,EEG 70-REF,75
tusz,EEG 71-REF,75
tusz,EEG 72-REF,75
tusz,EEG 73-REF,75
tusz,EEG 74-REF,75
tusz,EEG 75-REF,75
tusz,EEG 76-REF,75
tusz,EEG 77-REF,75
tusz,EEG 78-REF,75
tusz,EEG 79-REF,75
tusz,EEG 80-REF,75
tusz,EEG 81-REF,75
tusz,EEG 82-REF,75
tusz,EEG 83-REF,75
tusz,EEG 84-REF,75
tusz,EEG 85-REF,75
tusz,EEG 86-REF,75
tusz,EEG 87-REF,75
tusz,EEG 88-REF,75
tusz,EEG 89-REF,75
tusz,EEG 90-REF,75
tusz,EEG 91-REF,75
tusz,EEG 92-REF,75
tusz,EEG 93-REF,75
tusz,EEG 94-REF,75
tusz,EEG 95-REF,75
tusz,EEG 96-REF,75
tusz,EEG 97-REF,75
tusz,EEG 98-REF,75
tusz,EEG 99-REF,75
tusz,EEG A1-LE,573
tusz,EEG A1-REF,6101
tusz,EEG A2-LE,573
tusz,EEG A2-REF,6101
tusz,EEG C3-LE,573
tusz,EEG C3-REF,7567
tusz,EEG C3P-REF,3216
tusz,EEG C4-LE,573
tusz,EEG C4-REF,7567
tusz,EEG C4P-REF,3216
tusz,EEG CZ-LE,573
tusz,EEG CZ-REF,7567
tusz,EEG EKG-LE,573
tusz,EEG EKG-REF,119
tusz,EEG EKG1-REF,6894
tusz,EEG F3-LE,573
tusz,EEG F3-REF,7567
tusz,EEG F4-LE,573
tusz,EEG F4-REF,7567
tusz,EEG F7-LE,573
tusz,EEG F7-REF,7567
tusz,EEG F8-LE,573
tusz,EEG F8-REF,7567
tusz,EEG FP1-LE,573
tusz,EEG FP1-REF,7567
tusz,EEG FP2-LE,573
tusz,EEG FP2-REF,7567
tusz,EEG FZ-LE,573
tusz,EEG FZ-REF,6942
tusz,EEG LOC-REF,1410
tusz,EEG LUC-LE,75
tusz,EEG LUC-REF,113
tusz,EEG O1-LE,573
tusz,EEG O1-REF,7567
tusz,EEG O2-LE,573
tusz,EEG O2-REF,7567
tusz,EEG OZ-LE,573
tusz,EEG OZ-REF,15
tusz,EEG P3-LE,573
tusz,EEG P3-REF,7567
tusz,EEG P4-LE,573
tusz,EEG P4-REF,7567
tusz,EEG PG1-LE,558
tusz,EEG PG2-LE,558
tusz,EEG PZ-LE,573
tusz,EEG PZ-REF,6942
tusz,EEG RESP1-REF,113
tusz,EEG RESP2-REF,113
tusz,EEG RLC-LE,75
tusz,EEG RLC-REF,113
tusz,EEG ROC-REF,1410
tusz,EEG SP1-LE,200
tusz,EEG SP1-REF,3304
tusz,EEG SP2-LE,200
tusz,EEG SP2-REF,3185
tusz,EEG T1-LE,215
tusz,EEG T1-REF,6389
tusz,EEG T2-LE,215
tusz,EEG T2-REF,6389
tusz,EEG T3-LE,573
tusz,EEG T3-REF,7567
tusz,EEG T4-LE,573
tusz,EEG T4-REF,7567
tusz,EEG T5-LE,573
tusz,EEG T5-REF,7567
tusz,EEG T6-LE,573
tusz,EEG T6-REF,7567
tusz,EMG-REF,2521
tusz,IBI,6287
tusz,PHOTIC PH,558
tusz,PHOTIC-REF,1332
tusz,PULSE RATE,15
tusz,RESP ABDOMEN-REF,100
tusz,SUPPR,6287
