seed,fold,test,inner,n_train_subjects,n_train_windows,threshold,inner_far_per_24h,threshold_fixed_before_test_scored
0,0,chbmit:chb01,chbmit:chb08;chbmit:chb09;chbmit:chb14;chbmit:chb16;chbmit:chb20,31,638136,0.8908908908908909,9.810470936669097,True
0,1,chbmit:chb02,chbmit:chb09;chbmit:chb13;chbmit:chb15;chbmit:chb22;siena:PN03,31,639787,0.9529529529529529,9.81357241295755,True
0,2,chbmit:chb03,chbmit:chb02;chbmit:chb07;chbmit:chb08;chbmit:chb11;chbmit:chb23,31,646750,0.8598598598598598,9.784590354815814,True
0,3,chbmit:chb04,chbmit:chb13;chbmit:chb19;chbmit:chb22;chbmit:chb23;siena:PN03,31,589750,0.9579579579579579,9.912519718915815,True
0,4,chbmit:chb05,chbmit:chb07;chbmit:chb11;chbmit:chb13;chbmit:chb22;chbmit:chb23,31,639787,0.8658658658658659,9.839650145772595,True
0,5,chbmit:chb06,chbmit:chb10;chbmit:chb11;chbmit:chb15;chbmit:chb16;chbmit:chb22,31,632487,0.8768768768768769,9.962911012245389,True
0,6,chbmit:chb07,chbmit:chb05;chbmit:chb10;chbmit:chb11;chbmit:chb14;siena:PN14,31,635431,0.91991991991992,9.579641150641052,True
0,7,chbmit:chb08,chbmit:chb01;chbmit:chb05;chbmit:chb16;chbmit:chb18;chbmit:chb20,31,652132,0.8598598598598598,9.957870309080857,True
0,8,chbmit:chb09,chbmit:chb03;chbmit:chb07;chbmit:chb18;chbmit:chb20;siena:PN01,31,626539,0.8768768768768769,9.988357987804383,True
0,9,chbmit:chb10,chbmit:chb05;chbmit:chb06;chbmit:chb11;chbmit:chb14;siena:PN07,31,644084,0.8738738738738738,9.892678925422107,True
0,10,chbmit:chb11,chbmit:chb05;chbmit:chb06;chbmit:chb13;chbmit:chb15;chbmit:chb23,31,633572,0.8418418418418419,9.908035534771503,True
0,11,chbmit:chb13,chbmit:chb03;chbmit:chb05;chbmit:chb11;chbmit:chb14;siena:PN07,31,677166,0.9239239239239239,9.734513274336283,True
0,12,chbmit:chb14,chbmit:chb05;chbmit:chb09;chbmit:chb17;chbmit:chb22;siena:PN14,31,658423,0.9379379379379379,9.931034482758623,True
0,13,chbmit:chb15,chbmit:chb03;chbmit:chb14;chbmit:chb16;chbmit:chb17;siena:PN07,31,696313,0.9089089089089089,9.947777457954686,True
0,14,chbmit:chb16,chbmit:chb04;chbmit:chb13;chbmit:chb14;chbmit:chb19;siena:PN14,31,601537,0.953953953953954,9.555533655267567,True
0,15,chbmit:chb17,chbmit:chb07;chbmit:chb10;chbmit:chb15;chbmit:chb16;chbmit:chb18,31,638810,0.8238238238238238,9.772304734167015,True
0,16,chbmit:chb18,chbmit:chb04;chbmit:chb06;chbmit:chb15;chbmit:chb19;siena:PN14,31,555267,0.9369369369369369,9.854760825156717,True
0,17,chbmit:chb19,chbmit:chb01;chbmit:chb08;chbmit:chb13;chbmit:chb20;siena:PN01,31,664381,0.8878878878878879,9.92931347421994,True
0,18,chbmit:chb20,chbmit:chb05;chbmit:chb06;chbmit:chb07;chbmit:chb22;siena:PN03,31,622216,0.9109109109109109,9.892069209493792,True
0,19,chbmit:chb22,chbmit:chb04;chbmit:chb08;chbmit:chb10;chbmit:chb15;siena:PN03,31,575018,0.95995995995996,9.93308760128883,True
0,20,chbmit:chb23,chbmit:chb01;chbmit:chb04;chbmit:chb11;chbmit:chb18;chbmit:chb19,31,550135,0.950950950950951,9.91116345661283,True
0,21,siena:PN01,chbmit:chb02;chbmit:chb09;chbmit:chb11;chbmit:chb18;siena:PN03,31,654098,0.92992992992993,9.983983149395529,True
0,22,siena:PN03,chbmit:chb03;chbmit:chb09;chbmit:chb13;chbmit:chb22;siena:PN01,31,656727,0.9429429429429429,9.869440355238073,True
0,23,siena:PN07,chbmit:chb02;chbmit:chb08;chbmit:chb11;chbmit:chb23;siena:PN14,31,701106,0.8978978978978979,9.99879906108412,True
0,24,siena:PN14,chbmit:chb04;chbmit:chb09;chbmit:chb16;chbmit:chb19;siena:PN07,31,588669,0.9529529529529529,9.94849063813527,True
1,0,chbmit:chb01,chbmit:chb02;chbmit:chb11;chbmit:chb13;chbmit:chb19;siena:PN03,31,640597,0.9419419419419419,9.937943509113678,True
1,1,chbmit:chb02,chbmit:chb08;chbmit:chb09;chbmit:chb13;chbmit:chb17;siena:PN14,31,663957,0.943943943943944,9.722101806845536,True
1,2,chbmit:chb03,chbmit:chb04;chbmit:chb11;chbmit:chb15;siena:PN01;siena:PN07,31,596776,0.9459459459459459,9.879479497793126,True
1,3,chbmit:chb04,chbmit:chb01;chbmit:chb05;chbmit:chb10;chbmit:chb20;chbmit:chb22,31,535290,0.8858858858858859,9.827288545256359,True
1,4,chbmit:chb05,chbmit:chb10;chbmit:chb15;chbmit:chb18;chbmit:chb23;siena:PN03,31,651201,0.8228228228228228,9.935721948079811,True
1,5,chbmit:chb06,chbmit:chb10;chbmit:chb19;siena:PN03;siena:PN07;siena:PN14,31,661892,0.993993993993994,9.589451603236439,True
1,6,chbmit:chb07,chbmit:chb04;chbmit:chb15;chbmit:chb17;chbmit:chb19;siena:PN03,31,562780,0.95995995995996,9.987263328017468,True
1,7,chbmit:chb08,chbmit:chb09;chbmit:chb14;chbmit:chb16;chbmit:chb17;chbmit:chb18,31,669825,0.8668668668668669,9.91079228101755,True
1,8,chbmit:chb09,chbmit:chb01;chbmit:chb14;chbmit:chb19;siena:PN03;siena:PN14,31,632206,0.9829829829829829,9.706438984764555,True
1,9,chbmit:chb10,chbmit:chb06;chbmit:chb14;chbmit:chb17;siena:PN01;siena:PN03,31,660972,0.991991991991992,9.993718029256035,True
1,10,chbmit:chb11,chbmit:chb03;chbmit:chb04;chbmit:chb05;chbmit:chb09;chbmit:chb19,31,543318,0.9619619619619619,9.937264742785446,True
1,11,chbmit:chb13,chbmit:chb02;chbmit:chb08;chbmit:chb14;chbmit:chb19;chbmit:chb22,31,680303,0.9329329329329329,9.980362712255978,True
1,12,chbmit:chb14,chbmit:chb13;chbmit:chb17;chbmit:chb20;siena:PN03;siena:PN14,31,696493,0.993993993993994,9.533678756476684,True
1,13,chbmit:chb15,chbmit:chb06;chbmit:chb07;chbmit:chb23;siena:PN03;siena:PN07,31,638030,0.8918918918918919,9.877822915634551,True
1,14,chbmit:chb16,chbmit:chb14;chbmit:chb20;siena:PN01;siena:PN03;siena:PN07,31,720245,0.997997997997998,9.97372298251743,True
1,15,chbmit:chb17,chbmit:chb01;chbmit:chb06;chbmit:chb10;chbmit:chb16;siena:PN01,31,630951,0.8808808808808809,9.955738716083859,True
1,16,chbmit:chb18,chbmit:chb04;chbmit:chb13;chbmit:chb14;chbmit:chb17;siena:PN03,31,593305,0.948948948948949,9.82902265198916,True
1,17,chbmit:chb19,chbmit:chb08;chbmit:chb14;chbmit:chb16;chbmit:chb18;siena:PN01,31,702509,0.8978978978978979,9.880065888887376,True
1,18,chbmit:chb20,chbmit:chb01;chbmit:chb09;chbmit:chb10;chbmit:chb14;siena:PN03,31,612702,0.9099099099099099,9.873193748156886,True
1,19,chbmit:chb22,chbmit:chb03;chbmit:chb10;chbmit:chb23;siena:PN03;siena:PN14,31,669119,0.986986986986987,9.9682251475261,True
1,20,chbmit:chb23,chbmit:chb06;chbmit:chb07;chbmit:chb14;chbmit:chb19;siena:PN14,31,635652,0.8468468468468469,9.87881568267636,True
1,21,siena:PN01,chbmit:chb05;chbmit:chb11;chbmit:chb14;chbmit:chb18;chbmit:chb19,31,677636,0.8698698698698699,9.775862068965518,True
1,22,siena:PN03,chbmit:chb01;chbmit:chb02;chbmit:chb06;chbmit:chb19;chbmit:chb23,31,622034,0.8368368368368369,9.893596490099457,True
1,23,siena:PN07,chbmit:chb01;chbmit:chb17;chbmit:chb18;chbmit:chb19;siena:PN14,31,670219,0.9009009009009009,9.894689670625139,True
1,24,siena:PN14,chbmit:chb01;chbmit:chb04;chbmit:chb07;chbmit:chb18;chbmit:chb23,31,533513,0.9289289289289289,9.698065974885935,True
2,0,chbmit:chb01,chbmit:chb04;chbmit:chb07;chbmit:chb08;chbmit:chb11;chbmit:chb19,31,532200,0.943943943943944,9.965676015069068,True
2,1,chbmit:chb02,chbmit:chb05;chbmit:chb07;chbmit:chb08;chbmit:chb22;chbmit:chb23,31,648742,0.8618618618618619,9.756569713981513,True
2,2,chbmit:chb03,chbmit:chb07;chbmit:chb13;chbmit:chb19;chbmit:chb20;chbmit:chb23,31,646422,0.8138138138138138,9.717848190757762,True
2,3,chbmit:chb04,chbmit:chb07;chbmit:chb09;chbmit:chb14;chbmit:chb17;chbmit:chb22,31,540691,0.8968968968968969,9.941236901582082,True
2,4,chbmit:chb05,chbmit:chb02;chbmit:chb13;chbmit:chb17;chbmit:chb19;siena:PN03,31,675025,0.9479479479479479,9.941747572815533,True
2,5,chbmit:chb06,chbmit:chb01;chbmit:chb17;chbmit:chb18;chbmit:chb20;siena:PN07,31,638647,0.8718718718718719,9.858369254174667,True
2,6,chbmit:chb07,chbmit:chb05;chbmit:chb09;chbmit:chb18;chbmit:chb22;siena:PN14,31,618374,0.943943943943944,9.825997952917094,True
2,7,chbmit:chb08,chbmit:chb03;chbmit:chb10;chbmit:chb16;chbmit:chb20;chbmit:chb23,31,675818,0.8088088088088088,9.99033266988911,True
2,8,chbmit:chb09,chbmit:chb01;chbmit:chb03;chbmit:chb04;chbmit:chb13;chbmit:chb23,31,522349,0.954954954954955,9.981640859386895,True
2,9,chbmit:chb10,chbmit:chb11;chbmit:chb13;chbmit:chb22;chbmit:chb23;siena:PN03,31,662533,0.938938938938939,9.889582901631092,True
2,10,chbmit:chb11,chbmit:chb01;chbmit:chb15;chbmit:chb18;chbmit:chb20;siena:PN14,31,639714,0.8568568568568569,9.921017922259292,True
2,11,chbmit:chb13,chbmit:chb05;chbmit:chb06;chbmit:chb11;chbmit:chb16;siena:PN14,31,652955,0.9129129129129129,9.957491586006462,True
2,12,chbmit:chb14,chbmit:chb01;chbmit:chb13;chbmit:chb15;chbmit:chb17;chbmit:chb20,31,647574,0.8788788788788788,9.913084479371316,True
2,13,chbmit:chb15,chbmit:chb03;chbmit:chb04;chbmit:chb18;chbmit:chb19;chbmit:chb20,31,571042,0.970970970970971,9.419175095390951,True
2,14,chbmit:chb16,chbmit:chb01;chbmit:chb03;chbmit:chb19;chbmit:chb20;siena:PN14,31,656517,0.914914914914915,9.776092049275688,True
2,15,chbmit:chb17,chbmit:chb06;chbmit:chb07;chbmit:chb19;chbmit:chb22;siena:PN03,31,633411,0.9009009009009009,9.900005995643166,True
2,16,chbmit:chb18,chbmit:chb01;chbmit:chb07;chbmit:chb14;chbmit:chb16;chbmit:chb19,31,625878,0.8838838838838838,9.438640402126792,True
2,17,chbmit:chb19,chbmit:chb01;chbmit:chb13;chbmit:chb15;chbmit:chb16;siena:PN07,31,659641,0.8798798798798799,9.771424027425581,True
2,18,chbmit:chb20,chbmit:chb01;chbmit:chb02;chbmit:chb08;chbmit:chb13;siena:PN07,31,663990,0.8918918918918919,9.925856538145442,True
2,19,chbmit:chb22,chbmit:chb05;chbmit:chb10;chbmit:chb13;chbmit:chb15;chbmit:chb20,31,647698,0.8518518518518519,9.875239459746615,True
2,20,chbmit:chb23,chbmit:chb07;chbmit:chb08;siena:PN01;siena:PN03;siena:PN07,31,690584,0.994994994994995,9.885148514851485,True
2,21,siena:PN01,chbmit:chb04;chbmit:chb13;chbmit:chb15;chbmit:chb19;siena:PN03,31,592680,0.965965965965966,9.941390097443456,True
2,22,siena:PN03,chbmit:chb04;chbmit:chb09;chbmit:chb11;chbmit:chb13;chbmit:chb22,31,556579,0.9429429429429429,9.582921105052774,True
2,23,siena:PN07,chbmit:chb02;chbmit:chb10;chbmit:chb14;chbmit:chb16;chbmit:chb17,31,690989,0.8798798798798799,9.83170629454393,True
2,24,siena:PN14,chbmit:chb05;chbmit:chb09;chbmit:chb10;chbmit:chb11;chbmit:chb14,31,634844,0.8698698698698699,9.94609821501124,True
3,0,chbmit:chb01,chbmit:chb03;chbmit:chb05;chbmit:chb06;chbmit:chb07;chbmit:chb19,31,580513,0.8528528528528528,9.965459063161447,True
3,1,chbmit:chb02,chbmit:chb07;chbmit:chb11;chbmit:chb15;chbmit:chb22;chbmit:chb23,31,637452,0.8688688688688688,9.98185574950566,True
3,2,chbmit:chb03,chbmit:chb01;chbmit:chb07;chbmit:chb15;chbmit:chb19;chbmit:chb20,31,608027,0.8808808808808809,9.868832293614831,True
3,3,chbmit:chb04,chbmit:chb03;chbmit:chb08;chbmit:chb09;chbmit:chb18;siena:PN03,31,560265,0.9669669669669669,9.522409992652463,True
3,4,chbmit:chb05,chbmit:chb01;chbmit:chb07;chbmit:chb13;chbmit:chb15;chbmit:chb22,31,602672,0.9029029029029029,9.592796617924268,True
3,5,chbmit:chb06,chbmit:chb01;chbmit:chb02;chbmit:chb03;chbmit:chb23;siena:PN01,31,623988,0.8958958958958959,9.725270749415087,True
3,6,chbmit:chb07,chbmit:chb05;chbmit:chb10;chbmit:chb11;chbmit:chb23;siena:PN03,31,632226,0.8578578578578578,9.821680042077404,True
3,7,chbmit:chb08,chbmit:chb06;chbmit:chb13;chbmit:chb16;chbmit:chb17;siena:PN03,31,673674,0.93993993993994,9.883303659560337,True
3,8,chbmit:chb09,chbmit:chb03;chbmit:chb08;chbmit:chb11;chbmit:chb18;siena:PN03,31,647540,0.9479479479479479,9.967249015026349,True
3,9,chbmit:chb10,chbmit:chb06;chbmit:chb08;chbmit:chb09;chbmit:chb11;siena:PN01,31,624066,0.9039039039039038,9.943911073556622,True
3,10,chbmit:chb11,chbmit:chb02;chbmit:chb04;chbmit:chb08;chbmit:chb10;chbmit:chb19,31,571740,0.9379379379379379,9.936597480753692,True
3,11,chbmit:chb13,chbmit:chb03;chbmit:chb09;chbmit:chb10;chbmit:chb17;chbmit:chb18,31,629648,0.8658658658658659,9.857044472734103,True
3,12,chbmit:chb14,chbmit:chb05;chbmit:chb07;chbmit:chb09;chbmit:chb17;chbmit:chb20,31,627396,0.8738738738738738,9.999276672694394,True
3,13,chbmit:chb15,chbmit:chb05;chbmit:chb07;chbmit:chb10;chbmit:chb22;chbmit:chb23,31,623761,0.8118118118118118,9.989676673411239,True
3,14,chbmit:chb16,chbmit:chb02;chbmit:chb04;chbmit:chb07;chbmit:chb14;chbmit:chb23,31,568775,0.9269269269269269,9.84957597664396,True
3,15,chbmit:chb17,chbmit:chb04;chbmit:chb05;chbmit:chb08;chbmit:chb15;siena:PN14,31,592889,0.9359359359359359,9.87486581321199,True
3,16,chbmit:chb18,chbmit:chb13;chbmit:chb14;chbmit:chb16;chbmit:chb23;siena:PN01,31,695541,0.9229229229229229,9.994479059862764,True
3,17,chbmit:chb19,chbmit:chb05;chbmit:chb06;chbmit:chb09;chbmit:chb11;chbmit:chb20,31,614956,0.9069069069069069,9.943644176460655,True
3,18,chbmit:chb20,chbmit:chb08;chbmit:chb10;chbmit:chb11;chbmit:chb16;siena:PN14,31,682476,0.9139139139139139,9.967383666663169,True
3,19,chbmit:chb22,chbmit:chb01;chbmit:chb04;chbmit:chb15;chbmit:chb20;siena:PN01,31,560755,0.9419419419419419,9.813488814534718,True
3,20,chbmit:chb23,chbmit:chb04;chbmit:chb07;chbmit:chb11;chbmit:chb14;chbmit:chb17,31,567677,0.9139139139139139,9.927947783334746,True
3,21,siena:PN01,chbmit:chb05;chbmit:chb14;chbmit:chb17;chbmit:chb18;siena:PN03,31,691457,0.9479479479479479,9.983698904318759,True
3,22,siena:PN03,chbmit:chb03;chbmit:chb04;chbmit:chb05;chbmit:chb13;chbmit:chb15,31,568726,0.9529529529529529,9.704184046193944,True
3,23,siena:PN07,chbmit:chb01;chbmit:chb07;chbmit:chb23;siena:PN01;siena:PN03,31,652429,0.9279279279279279,9.9701415033104,True
3,24,siena:PN14,chbmit:chb02;chbmit:chb03;chbmit:chb09;chbmit:chb10;chbmit:chb11,31,628939,0.9059059059059059,9.829478610489845,True
4,0,chbmit:chb01,chbmit:chb14;chbmit:chb17;chbmit:chb23;siena:PN03;siena:PN07,31,676708,0.993993993993994,9.368659846766255,True
4,1,chbmit:chb02,chbmit:chb01;chbmit:chb10;chbmit:chb11;chbmit:chb23;siena:PN01,31,638352,0.8678678678678678,9.877999247837533,True
4,2,chbmit:chb03,chbmit:chb07;chbmit:chb10;chbmit:chb15;chbmit:chb19;chbmit:chb20,31,624596,0.8258258258258259,9.945082376435348,True
4,3,chbmit:chb04,chbmit:chb06;chbmit:chb07;chbmit:chb10;chbmit:chb16;siena:PN14,31,533090,0.8788788788788788,9.901918976545842,True
4,4,chbmit:chb05,chbmit:chb07;chbmit:chb08;chbmit:chb09;chbmit:chb17;siena:PN14,31,636694,0.934934934934935,9.947368421052632,True
4,5,chbmit:chb06,chbmit:chb02;chbmit:chb03;chbmit:chb07;chbmit:chb08;chbmit:chb11,31,617867,0.8898898898898899,9.734333806530115,True
4,6,chbmit:chb07,chbmit:chb05;chbmit:chb09;chbmit:chb22;siena:PN01;siena:PN03,31,631424,0.975975975975976,9.910810024521009,True
4,7,chbmit:chb08,chbmit:chb09;chbmit:chb10;chbmit:chb19;chbmit:chb20;siena:PN01,31,655776,0.9099099099099099,9.958490712978469,True
4,8,chbmit:chb09,chbmit:chb01;chbmit:chb03;chbmit:chb04;chbmit:chb16;siena:PN03,31,534001,0.9769769769769769,9.822840471861655,True
4,9,chbmit:chb10,chbmit:chb01;chbmit:chb05;chbmit:chb08;chbmit:chb09;chbmit:chb13,31,602664,0.8868868868868869,9.965525637903855,True
4,10,chbmit:chb11,chbmit:chb02;chbmit:chb10;chbmit:chb17;chbmit:chb20;siena:PN01,31,675142,0.8688688688688688,9.965498750467942,True
4,11,chbmit:chb13,chbmit:chb05;chbmit:chb09;chbmit:chb10;chbmit:chb19;siena:PN14,31,633316,0.8648648648648649,9.941685785111053,True
4,12,chbmit:chb14,chbmit:chb02;chbmit:chb03;chbmit:chb04;chbmit:chb05;siena:PN07,31,588275,0.954954954954955,9.990104063583995,True
4,13,chbmit:chb15,chbmit:chb04;chbmit:chb10;chbmit:chb13;chbmit:chb17;chbmit:chb22,31,568141,0.9319319319319319,9.61425924362025,True
4,14,chbmit:chb16,chbmit:chb06;chbmit:chb09;chbmit:chb18;chbmit:chb19;chbmit:chb20,31,628657,0.8578578578578578,9.977358392640506,True
4,15,chbmit:chb17,chbmit:chb02;chbmit:chb04;chbmit:chb09;chbmit:chb15;chbmit:chb16,31,562228,0.948948948948949,9.932665462309082,True
4,16,chbmit:chb18,chbmit:chb05;chbmit:chb06;chbmit:chb11;chbmit:chb15;siena:PN14,31,636053,0.9029029029029029,9.876662054028035,True
4,17,chbmit:chb19,chbmit:chb07;chbmit:chb10;chbmit:chb18;chbmit:chb22;siena:PN07,31,646171,0.8458458458458459,9.950673970859,True
4,18,chbmit:chb20,chbmit:chb05;chbmit:chb14;chbmit:chb16;chbmit:chb17;siena:PN14,31,696049,0.914914914914915,9.988316463947069,True
4,19,chbmit:chb22,chbmit:chb03;chbmit:chb10;chbmit:chb14;chbmit:chb18;siena:PN14,31,661561,0.92992992992993,9.699043138931952,True
4,20,chbmit:chb23,chbmit:chb09;chbmit:chb16;chbmit:chb17;chbmit:chb19;siena:PN14,31,673009,0.953953953953954,9.867907394751871,True
4,21,siena:PN01,chbmit:chb02;chbmit:chb14;chbmit:chb17;chbmit:chb23;siena:PN07,31,711683,0.8778778778778779,9.76271186440678,True
4,22,siena:PN03,chbmit:chb07;chbmit:chb08;chbmit:chb10;chbmit:chb19;chbmit:chb20,31,648636,0.8308308308308309,9.985021858962174,True
4,23,siena:PN07,chbmit:chb09;chbmit:chb11;chbmit:chb14;chbmit:chb16;chbmit:chb18,31,667989,0.8958958958958959,9.91009765672329,True
4,24,siena:PN14,chbmit:chb03;chbmit:chb13;chbmit:chb14;chbmit:chb17;chbmit:chb20,31,686755,0.8848848848848849,9.838575329755491,True
