seed,subject,dataset,auroc,macro_f1,confusion,threshold,events,predicted,alarms,false_alarms,far_hours,far_per_24h,time_in_warning,sensitivity,median_warning_s,share_warnings_30s
0,chbmit:chb01,chbmit,0.5187696916014645,0.3116998085561713,"[[1500, 45, 2015], [38, 28, 64], [11011, 729, 15292]]",0.8908908908908909,10,3,28,24,67.735,8.503762636100802,0.16950380296993842,0.3,1247.5,1.0
0,chbmit:chb02,chbmit,0.33971274779074223,0.2800926522941797,"[[145, 120, 453], [3, 30, 2], [6625, 908, 11772]]",0.9529529529529529,2,0,11,11,33.969,7.771690244500777,0.13327515766927134,0.0,nan,nan
0,chbmit:chb03,chbmit,0.4835377608055623,0.3566875972263725,"[[664, 42, 1417], [8, 21, 51], [5398, 236, 13955]]",0.8598598598598598,6,2,29,26,34.678,17.994232617750722,0.3676346104302381,0.3333333333333333,767.0,1.0
0,chbmit:chb04,chbmit,0.31299214897503913,0.263469405195171,"[[199, 12, 1195], [10, 31, 35], [33444, 2776, 58536]]",0.9579579579579579,4,2,73,71,153.706,11.086131492391658,0.2319393669193045,0.5,536.5,1.0
0,chbmit:chb05,chbmit,0.5481912602033588,0.3627528674260547,"[[623, 101, 1059], [19, 90, 3], [2673, 1196, 6460]]",0.8658658658658659,5,2,29,27,36.1,17.950138504155124,0.37110481586402266,0.4,479.5,1.0
0,chbmit:chb06,chbmit,0.4474824648377469,0.21580100071559596,"[[147, 2711, 699], [0, 30, 3], [208, 10268, 7338]]",0.8768768768768769,10,1,8,7,61.622,2.726289217454021,0.058989115476041534,0.1,1346.0,1.0
0,chbmit:chb07,chbmit,0.5453510312436185,0.2863878650568973,"[[162, 62, 855], [4, 59, 4], [9143, 3029, 24703]]",0.91991991991992,3,0,5,5,65.328,1.8368908920826599,0.03723382175916317,0.0,nan,nan
0,chbmit:chb08,chbmit,0.4196290009323763,0.38420869831993537,"[[717, 12, 1067], [32, 41, 112], [364, 0, 355]]",0.8598598598598598,5,0,10,10,17.115,14.022559441694392,0.2494407158836689,0.0,nan,nan
0,chbmit:chb09,chbmit,0.2789156493364065,0.08001062985857016,"[[175, 1104, 157], [1, 52, 3], [15080, 15653, 4178]]",0.8768768768768769,4,1,52,51,65.662,18.64077669902913,0.37952387787323916,0.25,1069.0,1.0
0,chbmit:chb10,chbmit,0.6152556000797386,0.29569468743020233,"[[5, 883, 1266], [1, 72, 16], [54, 3515, 13851]]",0.8738738738738738,6,0,0,0,46.732,0.0,0.0,0.0,nan,nan
0,chbmit:chb11,chbmit,0.5175014933636376,0.4396521897138756,"[[40, 40, 280], [0, 144, 19], [5002, 305, 17572]]",0.8418418418418419,1,0,10,10,33.822,7.09592641261498,0.144,0.0,nan,nan
0,chbmit:chb13,chbmit,0.6724082355133222,0.3516947906786349,"[[831, 225, 733], [37, 24, 48], [1859, 3067, 5874]]",0.9239239239239239,5,2,9,4,30.135,3.185693874729225,0.12553507098961644,0.4,274.0,1.0
0,chbmit:chb14,chbmit,0.4580402607738661,0.3104382148789084,"[[360, 456, 1332], [12, 15, 7], [621, 387, 2366]]",0.9379379379379379,6,0,1,1,22.789,1.053144807411019,0.019365250134480903,0.0,nan,nan
0,chbmit:chb15,chbmit,0.4230364178870746,0.14863463067817498,"[[90, 11, 3089], [13, 2, 387], [33, 2, 1086]]",0.9089089089089089,9,0,3,3,34.742,2.0724394339170065,0.0375445710690065,0.0,nan,nan
0,chbmit:chb16,chbmit,0.42831334791292036,0.2912301933437151,"[[377, 121, 1279], [6, 3, 12], [1274, 258, 2501]]",0.953953953953954,5,0,2,2,16.371,2.9320437770425043,0.052999631947000365,0.0,nan,nan
0,chbmit:chb17,chbmit,0.6505755564292836,0.3396391309416808,"[[144, 551, 383], [18, 22, 19], [1291, 542, 7326]]",0.8238238238238238,3,2,15,13,19.281,16.18210632473707,0.35714761302350356,0.6666666666666666,1021.0,1.0
0,chbmit:chb18,chbmit,0.6539186529933276,0.40923661320915405,"[[244, 9, 1183], [11, 20, 32], [1648, 154, 17105]]",0.9369369369369369,4,1,2,1,33.301,0.7206906618843059,0.02802637776731041,0.25,222.0,1.0
0,chbmit:chb19,chbmit,0.5179392669643366,0.5104906204671852,"[[240, 27, 451], [6, 32, 11], [2300, 31, 16974]]",0.8878878878878879,2,0,4,4,28.654,3.3502980950996077,0.05421067389475652,0.0,nan,nan
0,chbmit:chb20,chbmit,0.827292071304954,0.35139134746724326,"[[1371, 24, 381], [18, 32, 11], [3488, 3757, 6378]]",0.9109109109109109,5,1,6,2,24.844,1.9320214669051878,0.10083650190114068,0.2,528.5,1.0
0,chbmit:chb22,chbmit,0.649141418224185,0.47606759894626216,"[[322, 0, 396], [0, 37, 5], [3271, 84, 8843]]",0.95995995995996,2,0,6,6,29.732,4.843275564067828,0.09690079848423332,0.0,nan,nan
0,chbmit:chb23,chbmit,0.7274033758694418,0.45731631223634867,"[[205, 19, 1542], [6, 40, 43], [806, 86, 9324]]",0.950950950950951,5,0,0,0,23.917,0.0,0.0,0.0,nan,nan
0,siena:PN01,siena,0.9432996495148306,0.39408805144256204,"[[712, 0, 6], [18, 3, 5], [1044, 5, 407]]",0.92992992992993,2,2,24,22,12.447,42.41910287882169,0.8591592829177828,1.0,913.0,1.0
0,siena:PN03,siena,0.6566349617660939,0.1786402139367936,"[[684, 0, 34], [15, 33, 0], [8300, 147, 501]]",0.9429429429429429,2,2,47,45,23.149,46.65506689866203,0.9588711065221133,1.0,1599.5,1.0
0,siena:PN07,siena,0.41914156478057224,0.23015973596156125,"[[236, 88, 35], [4, 9, 0], [1161, 67, 298]]",0.8978978978978979,1,1,14,13,8.211,37.99729364005413,0.7966263526416295,1.0,304.0,1.0
0,siena:PN14,siena,0.7602046794916479,0.49111556153649144,"[[1243, 58, 136], [17, 14, 3], [1657, 53, 2453]]",0.9529529529529529,4,3,35,32,18.392,41.758042591753515,0.8190036022565078,0.75,705.0,0.6666666666666666
1,chbmit:chb01,chbmit,0.48162430668936695,0.2832466015484361,"[[1209, 249, 2102], [16, 45, 69], [10815, 1941, 14276]]",0.9419419419419419,10,0,1,1,67.735,0.3543234431708668,0.00686250214453192,0.0,nan,nan
1,chbmit:chb02,chbmit,0.4058920033850396,0.32905034657216176,"[[186, 117, 415], [2, 32, 1], [4035, 796, 14474]]",0.943943943943944,2,0,0,0,33.969,0.0,0.0,0.0,nan,nan
1,chbmit:chb03,chbmit,0.5576006865725612,0.3871110207687695,"[[796, 21, 1306], [30, 21, 29], [5224, 145, 14220]]",0.9459459459459459,6,1,13,12,34.678,8.305030438961872,0.16359353722719075,0.16666666666666666,1707.0,1.0
1,chbmit:chb04,chbmit,0.3216821108908487,0.2836901927086001,"[[182, 5, 1219], [10, 35, 31], [28844, 1735, 64177]]",0.8858858858858859,4,3,153,150,153.706,23.421404561390826,0.48452073116362016,0.75,1229.0,1.0
1,chbmit:chb05,chbmit,0.6019540950186969,0.340570602866249,"[[347, 143, 1293], [13, 93, 6], [1506, 1877, 6946]]",0.8228228228228228,5,3,16,13,36.1,8.642659279778393,0.20482662172338365,0.6,1068.0,1.0
1,chbmit:chb06,chbmit,0.40260150502810743,0.20483423132106035,"[[139, 2692, 726], [2, 29, 2], [1354, 9344, 7116]]",0.993993993993994,10,0,0,0,61.622,0.0,0.0,0.0,nan,nan
1,chbmit:chb07,chbmit,0.5635523161747381,0.30674824090535585,"[[200, 93, 786], [2, 63, 2], [7481, 2642, 26752]]",0.95995995995996,3,0,3,3,65.328,1.102134535249596,0.022290481922709725,0.0,nan,nan
1,chbmit:chb08,chbmit,0.3228810120465507,0.4056042737394672,"[[795, 11, 990], [14, 63, 108], [497, 0, 222]]",0.8668668668668669,5,0,16,16,17.115,22.43609510671103,0.375908836689038,0.0,nan,nan
1,chbmit:chb09,chbmit,0.37098907456597346,0.17722762280963408,"[[160, 824, 452], [1, 52, 3], [12381, 10745, 11785]]",0.9829829829829829,4,0,3,3,65.662,1.0965162764134782,0.02214521519817917,0.0,nan,nan
1,chbmit:chb10,chbmit,0.5743712069606969,0.3198158591094818,"[[2, 321, 1831], [0, 76, 13], [529, 1599, 15292]]",0.991991991991992,6,0,0,0,46.732,0.0,0.0,0.0,nan,nan
1,chbmit:chb11,chbmit,0.531475491838707,0.3436293926562332,"[[182, 34, 144], [16, 132, 15], [10329, 519, 12031]]",0.9619619619619619,1,0,2,2,33.822,1.419185282522996,0.028703517587939698,0.0,nan,nan
1,chbmit:chb13,chbmit,0.6345488893029418,0.3188381399562945,"[[921, 172, 696], [68, 10, 31], [3230, 2125, 5445]]",0.9329329329329329,5,1,15,12,30.135,9.557081624187676,0.20364484000847638,0.2,509.0,1.0
1,chbmit:chb14,chbmit,0.4509894096492071,0.3091479046445164,"[[307, 27, 1814], [18, 1, 15], [514, 42, 2818]]",0.993993993993994,6,0,0,0,22.789,0.0,0.0,0.0,nan,nan
1,chbmit:chb15,chbmit,0.5267872673022017,0.12902766336846314,"[[15, 7, 3168], [2, 0, 400], [21, 8, 1092]]",0.8918918918918919,9,0,2,2,34.742,1.3816262892780042,0.025169544850730616,0.0,nan,nan
1,chbmit:chb16,chbmit,0.4323919671712313,0.29117986340096264,"[[370, 80, 1327], [9, 1, 11], [1246, 204, 2583]]",0.997997997997998,5,0,0,0,16.371,0.0,0.0,0.0,nan,nan
1,chbmit:chb17,chbmit,0.6457365961600672,0.3414502606535957,"[[273, 405, 400], [15, 17, 27], [2010, 420, 6729]]",0.8808808808808809,3,2,11,9,19.281,11.202996686356434,0.26060323590119183,0.6666666666666666,1016.0,1.0
1,chbmit:chb18,chbmit,0.6031846541634003,0.38016185781818385,"[[131, 49, 1256], [15, 30, 18], [1383, 314, 17210]]",0.948948948948949,4,1,1,0,33.301,0.0,0.013895430993876589,0.25,222.0,1.0
1,chbmit:chb19,chbmit,0.5031863524899737,0.4944178372327446,"[[287, 25, 406], [4, 35, 10], [3334, 44, 15927]]",0.8978978978978979,2,0,7,7,28.654,5.863021666424313,0.08561547808206374,0.0,nan,nan
1,chbmit:chb20,chbmit,0.7230508420774882,0.2367464378540783,"[[1262, 63, 451], [15, 32, 14], [5061, 5180, 3382]]",0.9099099099099099,5,1,5,4,24.844,3.8640429338103757,0.08978453738910012,0.2,1596.0,1.0
1,chbmit:chb22,chbmit,0.624823421895274,0.45040686364503973,"[[288, 0, 430], [1, 27, 14], [2978, 78, 9142]]",0.986986986986987,2,0,0,0,29.732,0.0,0.0,0.0,nan,nan
1,chbmit:chb23,chbmit,0.8348092859024238,0.4897827091855233,"[[287, 23, 1456], [7, 42, 40], [420, 99, 9697]]",0.8468468468468469,5,0,5,5,23.917,5.017421602787456,0.09378768020969856,0.0,nan,nan
1,siena:PN01,siena,0.9942376564939239,0.7282559111451117,"[[716, 0, 2], [18, 4, 4], [66, 0, 1390]]",0.8698698698698699,2,2,23,21,12.447,40.49096183887525,0.8385534720791263,1.0,953.0,1.0
1,siena:PN03,siena,0.48693223489975507,0.19392663690755993,"[[676, 2, 40], [16, 32, 0], [8134, 132, 682]]",0.8368368368368369,2,2,48,46,23.149,47.69184616307674,0.9737853496242758,1.0,1177.0,1.0
1,siena:PN07,siena,0.5161362748569822,0.24504912662774317,"[[246, 76, 37], [4, 9, 0], [1133, 68, 325]]",0.9009009009009009,1,1,14,13,8.211,37.99729364005413,0.799013367281986,1.0,334.0,1.0
1,siena:PN14,siena,0.741676140556926,0.4663757293336448,"[[1252, 71, 114], [19, 13, 2], [1810, 59, 2294]]",0.9289289289289289,4,3,36,33,18.392,43.062981422745814,0.8458506083055801,0.75,1125.0,1.0
2,chbmit:chb01,chbmit,0.4656290941904892,0.2915757142742924,"[[1342, 63, 2155], [36, 25, 69], [11640, 824, 14568]]",0.943943943943944,10,0,22,22,67.735,7.795115749759069,0.14331191978497493,0.0,nan,nan
2,chbmit:chb02,chbmit,0.31413910550400803,0.2891717862383127,"[[104, 99, 515], [2, 29, 4], [5030, 1282, 12993]]",0.8618618618618619,2,0,13,13,33.969,9.18472483441001,0.17341636587203998,0.0,nan,nan
2,chbmit:chb03,chbmit,0.4530267510770738,0.3602152899825977,"[[646, 74, 1403], [14, 21, 45], [5414, 165, 14010]]",0.8138138138138138,6,3,39,35,34.678,24.223005446972124,0.47403481653233226,0.5,1005.5,1.0
2,chbmit:chb04,chbmit,0.4042394625062908,0.27262390618202803,"[[267, 12, 1127], [10, 48, 18], [30310, 3660, 60786]]",0.8968968968968969,4,2,138,136,153.706,21.235406802327685,0.43696834596522516,0.5,536.5,1.0
2,chbmit:chb05,chbmit,0.6042457766514754,0.3638116118573918,"[[635, 111, 1037], [10, 99, 3], [2607, 1333, 6389]]",0.9479479479479479,5,1,11,10,36.1,6.648199445983379,0.1409258794420339,0.2,1213.0,1.0
2,chbmit:chb06,chbmit,0.4564390716692361,0.21562384783018126,"[[254, 2745, 558], [1, 30, 2], [604, 10630, 6580]]",0.8718718718718719,10,0,3,3,61.622,1.1684096646231519,0.02251970474164894,0.0,nan,nan
2,chbmit:chb07,chbmit,0.5675747474906143,0.30511943861634333,"[[205, 45, 829], [3, 56, 8], [7246, 2859, 26770]]",0.943943943943944,3,0,7,7,65.328,2.571647248915724,0.05217716159561662,0.0,nan,nan
2,chbmit:chb08,chbmit,0.45770077842586365,0.4832339226432006,"[[1051, 9, 736], [12, 73, 100], [474, 0, 245]]",0.8088088088088088,5,4,27,23,17.115,32.25188671589711,0.6524049217002237,0.8,708.0,1.0
2,chbmit:chb09,chbmit,0.38299235884260885,0.15661369327469085,"[[158, 1107, 171], [1, 54, 1], [6389, 19057, 9465]]",0.954954954954955,4,0,3,3,65.662,1.0965162764134782,0.016034776189792696,0.0,nan,nan
2,chbmit:chb10,chbmit,0.659326999030986,0.32053850284321667,"[[50, 298, 1806], [1, 71, 17], [348, 2254, 14818]]",0.938938938938939,6,0,0,0,46.732,0.0,0.0,0.0,nan,nan
2,chbmit:chb11,chbmit,0.6301449412610303,0.32966116771782045,"[[196, 86, 78], [15, 122, 26], [7608, 1019, 14252]]",0.8568568568568569,1,0,27,27,33.822,19.159001314060447,0.35750753768844223,0.0,nan,nan
2,chbmit:chb13,chbmit,0.5264056580336625,0.24930806797358807,"[[732, 279, 778], [32, 22, 55], [4362, 2348, 4090]]",0.9129129129129129,5,2,25,22,30.135,17.52131631101074,0.36719643992371265,0.4,910.0,1.0
2,chbmit:chb14,chbmit,0.5305580576188379,0.3262174763812263,"[[310, 3, 1835], [15, 2, 17], [423, 42, 2909]]",0.8788788788788788,6,2,15,12,22.789,12.637737688932228,0.23179128563743948,0.3333333333333333,549.0,1.0
2,chbmit:chb15,chbmit,0.5398390375812012,0.2485196681755333,"[[685, 74, 2431], [15, 7, 380], [180, 16, 925]]",0.970970970970971,9,0,3,2,34.742,1.3816262892780042,0.034433335663846744,0.0,268.0,1.0
2,chbmit:chb16,chbmit,0.4972001527633378,0.312311129769125,"[[617, 109, 1051], [8, 0, 13], [1524, 205, 2304]]",0.914914914914915,5,1,5,4,16.371,5.864087554085009,0.1311740890688259,0.2,1789.0,1.0
2,chbmit:chb17,chbmit,0.7041147519365666,0.36371885447878477,"[[311, 516, 251], [18, 24, 17], [1597, 654, 6908]]",0.9009009009009009,3,0,2,2,19.281,2.4895548191903183,0.03915040948132366,0.0,nan,nan
2,chbmit:chb18,chbmit,0.5196405938287878,0.4506038470253584,"[[80, 9, 1347], [5, 31, 27], [1526, 61, 17320]]",0.8838838838838838,4,0,1,1,33.301,0.7206906618843059,0.005809389229078348,0.0,nan,nan
2,chbmit:chb19,chbmit,0.5529512682716025,0.4958504466964289,"[[258, 40, 420], [2, 36, 11], [1779, 74, 17452]]",0.8798798798798799,2,0,12,12,28.654,10.050894285298822,0.15566875408916722,0.0,nan,nan
2,chbmit:chb20,chbmit,0.5626491251215981,0.3093953655407213,"[[851, 83, 842], [16, 27, 18], [4818, 1535, 7270]]",0.8918918918918919,5,0,4,4,24.844,3.8640429338103757,0.0720912547528517,0.0,nan,nan
2,chbmit:chb22,chbmit,0.6824117474849751,0.4651222024019615,"[[367, 0, 351], [0, 36, 6], [3604, 89, 8505]]",0.8518518518518519,2,2,32,29,29.732,23.409165226327836,0.49104524743988814,1.0,1324.0,1.0
2,chbmit:chb23,chbmit,0.8117531090617076,0.5428709399245916,"[[298, 14, 1454], [6, 44, 39], [463, 34, 9719]]",0.994994994994995,5,0,0,0,23.917,0.0,0.0,0.0,nan,nan
2,siena:PN01,siena,0.9753942958156049,0.5048068910415574,"[[711, 1, 6], [16, 6, 4], [894, 1, 561]]",0.965965965965966,2,2,22,20,12.447,38.56282079892881,0.7846692767360396,1.0,953.0,1.0
2,siena:PN03,siena,0.641539697640219,0.13553987187948607,"[[705, 1, 12], [22, 26, 0], [8501, 177, 270]]",0.9429429429429429,2,2,47,45,23.149,46.65506689866203,0.9612803304078472,1.0,934.5,1.0
2,siena:PN07,siena,0.4268190729308513,0.23446131885053845,"[[222, 103, 34], [2, 11, 0], [1163, 56, 307]]",0.8798798798798799,1,1,14,13,8.211,37.99729364005413,0.7963080840229153,1.0,789.0,1.0
2,siena:PN14,siena,0.7392574776868363,0.49866558594479166,"[[1273, 44, 120], [17, 14, 3], [1680, 52, 2431]]",0.8698698698698699,4,4,39,35,18.392,45.672859084730405,0.9079725412900156,1.0,679.5,1.0
3,chbmit:chb01,chbmit,0.5083605136317839,0.3888306929335917,"[[857, 86, 2617], [22, 81, 27], [7182, 415, 19435]]",0.8528528528528528,10,3,51,47,67.735,16.65320182903074,0.32909510284221966,0.3,1175.5,0.75
3,chbmit:chb02,chbmit,0.2854431032704013,0.24084458754701113,"[[164, 129, 425], [1, 27, 7], [8493, 1287, 9525]]",0.8688688688688688,2,1,34,33,33.969,23.31507073350233,0.46356749038118283,0.5,1369.0,1.0
3,chbmit:chb03,chbmit,0.48568660634541955,0.4122665790171846,"[[797, 20, 1306], [23, 19, 38], [4291, 98, 15200]]",0.8808808808808809,6,4,24,20,34.678,13.841717398269786,0.29840638916491846,0.6666666666666666,826.0,0.75
3,chbmit:chb04,chbmit,0.437014373729949,0.2617672928768431,"[[318, 11, 1077], [9, 47, 20], [33101, 4526, 57129]]",0.9669669669669669,4,2,86,84,153.706,13.115986554378864,0.272242532322782,0.5,706.5,1.0
3,chbmit:chb05,chbmit,0.5351871275745853,0.3851058959579561,"[[571, 83, 1129], [13, 93, 6], [2940, 645, 6744]]",0.9029029029029029,5,1,26,25,36.1,16.620498614958446,0.3324129522716678,0.2,223.0,1.0
3,chbmit:chb06,chbmit,0.41354373792046445,0.22917043368555565,"[[142, 2774, 641], [0, 31, 2], [246, 9459, 8109]]",0.8958958958958959,10,0,0,0,61.622,0.0,0.0,0.0,nan,nan
3,chbmit:chb07,chbmit,0.5073224988611551,0.3107129297707805,"[[43, 42, 994], [4, 58, 5], [4413, 2830, 29632]]",0.8578578578578578,3,0,6,6,65.328,2.204269070499192,0.044705491677389894,0.0,nan,nan
3,chbmit:chb08,chbmit,0.3061106275419647,0.39968617894658715,"[[860, 6, 930], [11, 66, 108], [572, 0, 147]]",0.93993993993994,5,0,5,5,17.115,7.011279720847196,0.12416107382550336,0.0,nan,nan
3,chbmit:chb09,chbmit,0.32340807492255075,0.1723230573460208,"[[223, 709, 504], [0, 53, 3], [14288, 9478, 11145]]",0.9479479479479479,4,0,17,17,65.662,6.2135922330097095,0.1186819495991306,0.0,nan,nan
3,chbmit:chb10,chbmit,0.6207472387366787,0.46932829813443444,"[[12, 56, 2086], [0, 67, 22], [273, 76, 17071]]",0.9039039039039038,6,0,2,2,46.732,1.027134662822837,0.02000557258289217,0.0,nan,nan
3,chbmit:chb11,chbmit,0.5567067810850319,0.30325588083763405,"[[181, 90, 89], [19, 126, 18], [9698, 1006, 12175]]",0.9379379379379379,1,0,11,11,33.822,7.805519053876478,0.1458894472361809,0.0,nan,nan
3,chbmit:chb13,chbmit,0.7313654948967974,0.31131201678923026,"[[1078, 412, 299], [48, 6, 55], [2993, 3405, 4402]]",0.8658658658658659,5,3,32,26,30.135,20.707010185739964,0.44178851451578727,0.6,865.5,1.0
3,chbmit:chb14,chbmit,0.48993039112768355,0.31656323723768,"[[405, 527, 1216], [23, 5, 6], [562, 436, 2376]]",0.8738738738738738,6,1,8,7,22.789,7.3720136518771335,0.14308768154922,0.16666666666666666,429.0,1.0
3,chbmit:chb15,chbmit,0.4712991367425524,0.14635377179295295,"[[51, 20, 3119], [26, 6, 370], [26, 11, 1084]]",0.8118118118118118,9,0,6,6,34.742,4.144878867834013,0.075089142138013,0.0,nan,nan
3,chbmit:chb16,chbmit,0.3392807034704264,0.27807390779618996,"[[350, 81, 1346], [6, 6, 9], [1389, 301, 2343]]",0.9269269269269269,5,1,5,4,16.371,5.864087554085009,0.13161575266838424,0.2,1377.0,1.0
3,chbmit:chb17,chbmit,0.6609178882820733,0.3446064967492319,"[[241, 537, 300], [14, 21, 24], [1755, 524, 6880]]",0.9359359359359359,3,0,3,3,19.281,3.734332228785478,0.07190891537385978,0.0,nan,nan
3,chbmit:chb18,chbmit,0.5226000657373955,0.5074415810873197,"[[37, 12, 1387], [6, 38, 19], [348, 31, 18528]]",0.9229229229229229,4,0,0,0,33.301,0.0,0.0,0.0,nan,nan
3,chbmit:chb19,chbmit,0.5608954338759352,0.529747641138479,"[[275, 8, 435], [3, 36, 10], [3531, 31, 15743]]",0.9069069069069069,2,0,2,2,28.654,1.6751490475498039,0.020515936068791474,0.0,nan,nan
3,chbmit:chb20,chbmit,0.7631509923268346,0.3669240781801739,"[[1189, 144, 443], [23, 23, 15], [3787, 1794, 8042]]",0.9139139139139139,5,0,0,0,24.844,0.0,0.0,0.0,nan,nan
3,chbmit:chb22,chbmit,0.6625888713661905,0.5505577922393172,"[[382, 0, 336], [0, 37, 5], [3834, 27, 8337]]",0.9419419419419419,2,0,9,9,29.732,7.264913346101743,0.14453917986195697,0.0,nan,nan
3,chbmit:chb23,chbmit,0.764383096353199,0.476387561582248,"[[273, 16, 1477], [4, 44, 41], [764, 104, 9348]]",0.9139139139139139,5,0,0,0,23.917,0.0,0.0,0.0,nan,nan
3,siena:PN01,siena,0.9442322997336926,0.23762243465056457,"[[718, 0, 0], [6, 13, 7], [1318, 118, 20]]",0.9479479479479479,2,2,24,22,12.447,42.41910287882169,0.8590562538635895,1.0,953.0,1.0
3,siena:PN03,siena,0.6238903699866639,0.14790332922222665,"[[705, 0, 13], [20, 27, 1], [8472, 157, 319]]",0.9529529529529529,2,2,47,45,23.149,46.65506689866203,0.9401135776974703,1.0,1517.0,1.0
3,siena:PN07,siena,0.370216160369747,0.12088562063652462,"[[298, 61, 0], [12, 1, 0], [1421, 56, 49]]",0.9279279279279279,1,1,16,15,8.211,43.84303112313938,0.9137492043284532,1.0,1674.0,1.0
3,siena:PN14,siena,0.7523056197595848,0.4701471656815425,"[[1241, 70, 126], [19, 12, 3], [1711, 65, 2387]]",0.9059059059059059,4,3,37,34,18.392,44.367920253738106,0.8692992591585672,0.75,1060.0,1.0
4,chbmit:chb01,chbmit,0.44419021899970407,0.3079786383809602,"[[975, 21, 2564], [42, 25, 63], [8981, 888, 17163]]",0.993993993993994,10,0,0,0,67.735,0.0,0.0,0.0,nan,nan
4,chbmit:chb02,chbmit,0.5127477185973008,0.27306599768624834,"[[286, 150, 282], [2, 27, 6], [7011, 1405, 10889]]",0.8678678678678678,2,0,24,24,33.969,16.956415078910787,0.2940383166078299,0.0,nan,nan
4,chbmit:chb03,chbmit,0.4862277071251813,0.4211786929429324,"[[670, 17, 1436], [15, 22, 43], [4138, 75, 15376]]",0.8258258258258259,6,4,38,33,34.678,22.838833707145145,0.48014427146590116,0.6666666666666666,1194.0,1.0
4,chbmit:chb04,chbmit,0.3591233907833773,0.2934882221968587,"[[222, 25, 1159], [12, 40, 24], [27062, 1508, 66186]]",0.8788788788788788,4,2,159,157,153.706,24.5144034409224,0.5065715559518502,0.5,524.0,1.0
4,chbmit:chb05,chbmit,0.5795075064587087,0.3213840275753261,"[[684, 339, 760], [15, 88, 9], [2796, 2280, 5253]]",0.934934934934935,5,0,2,2,36.1,1.3296398891966759,0.025388173701007637,0.0,nan,nan
4,chbmit:chb06,chbmit,0.4296290955056497,0.23191955997259883,"[[122, 2641, 794], [1, 28, 4], [297, 8966, 8551]]",0.8898898898898899,10,0,0,0,61.622,0.0,0.0,0.0,nan,nan
4,chbmit:chb07,chbmit,0.5428992193022416,0.2756441478981591,"[[163, 70, 846], [4, 58, 5], [8360, 4889, 23626]]",0.975975975975976,3,0,2,2,65.328,0.734756356833064,0.014818812004483001,0.0,nan,nan
4,chbmit:chb08,chbmit,0.4672266603888722,0.4677970122438298,"[[690, 2, 1104], [10, 72, 103], [304, 0, 415]]",0.9099099099099099,5,0,6,6,17.115,8.413535665016635,0.14890939597315436,0.0,nan,nan
4,chbmit:chb09,chbmit,0.36247231220431675,0.17295599086513722,"[[192, 856, 388], [0, 55, 1], [10604, 13169, 11138]]",0.9769769769769769,4,0,3,3,65.662,1.0965162764134782,0.016034776189792696,0.0,nan,nan
4,chbmit:chb10,chbmit,0.7056134849642935,0.5996100477619396,"[[858, 25, 1271], [15, 63, 11], [1998, 50, 15372]]",0.8868868868868869,6,0,2,2,46.732,1.027134662822837,0.012677626079687936,0.0,nan,nan
4,chbmit:chb11,chbmit,0.5902001350097859,0.32685622731457725,"[[209, 60, 91], [18, 128, 17], [9419, 774, 12686]]",0.8688688688688688,1,1,24,23,33.822,16.320630749014455,0.32446231155778893,1.0,455.0,1.0
4,chbmit:chb13,chbmit,0.5782956027575927,0.1596974594930809,"[[562, 846, 381], [34, 28, 47], [3182, 5873, 1745]]",0.8648648648648649,5,2,17,14,30.135,11.149928561552288,0.24331426149607968,0.4,305.0,1.0
4,chbmit:chb14,chbmit,0.44200392088034357,0.3060141017248159,"[[354, 148, 1646], [13, 6, 15], [615, 253, 2506]]",0.954954954954955,6,0,3,3,22.789,3.159434422233057,0.043679397525551375,0.0,nan,nan
4,chbmit:chb15,chbmit,0.5562811976543558,0.16540745401903476,"[[173, 10, 3007], [30, 0, 372], [11, 4, 1106]]",0.9319319319319319,9,0,2,2,34.742,1.3816262892780042,0.025169544850730616,0.0,nan,nan
4,chbmit:chb16,chbmit,0.4339613216289193,0.28330761663819787,"[[403, 165, 1209], [4, 1, 16], [1320, 371, 2342]]",0.8578578578578578,5,1,14,12,16.371,17.592262662255028,0.36834744203165254,0.2,989.5,1.0
4,chbmit:chb17,chbmit,0.6697459497749609,0.35455324177227027,"[[350, 552, 176], [21, 19, 19], [1935, 633, 6591]]",0.948948948948949,3,0,2,2,19.281,2.4895548191903183,0.045675477728210935,0.0,nan,nan
4,chbmit:chb18,chbmit,0.5007490483031369,0.4384209597697227,"[[67, 11, 1358], [6, 19, 38], [991, 24, 17892]]",0.9029029029029029,4,0,0,0,33.301,0.0,0.0,0.0,nan,nan
4,chbmit:chb19,chbmit,0.5249974208191478,0.4335558937494171,"[[289, 22, 407], [2, 38, 9], [3924, 135, 15246]]",0.8458458458458459,2,1,19,18,28.654,15.076341427948234,0.28689597158612956,0.5,979.0,1.0
4,chbmit:chb20,chbmit,0.738300952350721,0.3121503985652258,"[[1331, 46, 399], [26, 22, 13], [5712, 1726, 6185]]",0.914914914914915,5,0,4,4,24.844,3.8640429338103757,0.0720912547528517,0.0,nan,nan
4,chbmit:chb22,chbmit,0.6269633681214464,0.42515010580944734,"[[352, 0, 366], [0, 27, 15], [3926, 87, 8185]]",0.92992992992993,2,1,19,18,29.732,14.529826692203486,0.3022962060720891,0.5,1567.0,1.0
4,chbmit:chb23,chbmit,0.7735968205670318,0.47633723496785035,"[[352, 16, 1398], [19, 35, 35], [966, 78, 9172]]",0.953953953953954,5,0,0,0,23.917,0.0,0.0,0.0,nan,nan
4,siena:PN01,siena,0.9913488322262696,0.8279038488792225,"[[718, 0, 0], [11, 10, 5], [62, 0, 1394]]",0.8778778778778779,2,2,23,21,12.447,40.49096183887525,0.8220688234082011,1.0,953.0,1.0
4,siena:PN03,siena,0.5509814987990034,0.1932251709203648,"[[690, 0, 28], [16, 31, 1], [8088, 138, 722]]",0.8308308308308309,2,2,48,46,23.149,47.69184616307674,0.9720071129467103,1.0,929.5,1.0
4,siena:PN07,siena,0.45933257154539514,0.24509772679371666,"[[210, 82, 67], [1, 9, 3], [1090, 66, 370]]",0.8958958958958959,1,1,12,11,8.211,32.15155615696888,0.6874602164226608,1.0,49.0,1.0
4,siena:PN14,siena,0.7636495481368071,0.5006357136130678,"[[1292, 34, 111], [21, 11, 2], [1682, 36, 2445]]",0.8848848848848849,4,3,38,35,18.392,45.672859084730405,0.898321212533134,0.75,1125.0,1.0
